{"edges": [[0, 2], [0, 3], [0, 4], [1, 5], [1, 9], [2, 6], [2, 8], [2, 9], [3, 5], [3, 6], [3, 7], [3, 8], [3, 9], [4, 6], [4, 8], [4, 9], [5, 7], [5, 8], [7, 8], [8, 9]], "params": {"1": [0.4982111706357809, 0.3474315829472749], "2": [0.3837672068516394, 0.6587393359882036, 0.5022163555117468, 0.3372838780993331], "3": [0.33460677806329686, 0.5629322507344363, 0.6760187093595283, 0.5530300796791914, 0.4709229797036369, 0.2623128692239038], "4": [0.2959212769965855, 0.5205152759174843, 0.5590345795690488, 0.6477975635671744, 0.5496491504233787, 0.49892867638899757, 0.36658421583429773, 0.2127625139151085], "5": [0.26658330211287995, 0.4994486721529552, 0.5194130161575734, 0.5662434572527145, 0.6838705861441939, 0.5569290650190524, 0.496026079771939, 0.4156881252940763, 0.3207184552571076, 0.1710167928594865]}, "expectations": {"1": 12.598004868400562, "2": 14.28053822228053, "3": 15.16592557697884, "4": 15.750797916143588, "5": 16.099958826109237}, "alpha": {"1": 0.7410591099059154, "2": 0.8400316601341489, "3": 0.8921132692340494, "4": 0.9265175244790346, "5": 0.9470564015358375}, "true_obj": 17}