{"edges": [[0, 1], [0, 2], [0, 4], [0, 6], [0, 7], [1, 2], [1, 7], [1, 8], [2, 3], [2, 4], [2, 5], [2, 6], [2, 9], [3, 5], [3, 6], [3, 7], [3, 9], [4, 6], [4, 7], [5, 7], [5, 8], [5, 9], [6, 7], [6, 9], [7, 8], [7, 9]], "params": {"1": [0.40040348130704456, 0.29448436488297297], "2": [0.32620643055720316, 0.6887527488654507, 0.39859517545862905, 0.23951653277108387], "3": [0.2650157168158654, 0.5737372542709335, 0.6979536517597279, 0.4248471747328996, 0.2879795215636751, 0.17970579004257117], "4": [0.24202609763338165, 0.4994834546419665, 0.5777007058102729, 0.7218728048720962, 0.45271064126062543, 0.3111368764963222, 0.22683604934115584, 0.15586399360793285], "5": [0.23134781871385232, 0.46099749776954735, 0.5063690883734979, 0.6230651512187794, 0.7390549294252522, 0.4681167085067228, 0.3335786175531496, 0.25082844170450397, 0.20672589962953178, 0.13474975184129118]}, "expectations": {"1": 15.338000166884328, "2": 16.26467763478974, "3": 16.757152235396827, "4": 17.093776561184107, "5": 17.34562243578607}, "alpha": {"1": 0.8521111203824626, "2": 0.9035932019327634, "3": 0.9309529019664904, "4": 0.949654253399117, "5": 0.9636456908770038}, "true_obj": 18}