{"edges": [[0, 1], [0, 4], [0, 5], [0, 6], [0, 7], [0, 8], [0, 9], [1, 2], [1, 3], [1, 4], [1, 5], [1, 7], [1, 8], [1, 9], [2, 3], [2, 4], [2, 5], [2, 6], [2, 8], [2, 9], [3, 6], [3, 9], [4, 5], [4, 6], [4, 7], [4, 9], [5, 8], [5, 9], [6, 7], [6, 8], [6, 9], [7, 8], [7, 9], [8, 9]], "params": {"1": [0.32894682203587333, 0.2599794401435137], "2": [0.3043176121934387, 0.6274775808728609, 0.39300295165580096, 0.2502037633127268], "3": [0.2360374622673555, 0.5380027401300879, 0.6143689079653306, 0.37791670357995305, 0.2755354571768137, 0.1861110396815897], "4": [0.2092955101053594, 0.4585332069053099, 0.5150685999136483, 0.717237074246627, 0.38278230242876266, 0.2682937688926899, 0.2301953922769981, 0.14133130480569164], "5": [0.20061960700602066, 0.42327549244647694, 0.4655636382190106, 0.6405239309466312, 0.8174709246537858, 0.39889840943769755, 0.27312644118700974, 0.23869450908085363, 0.18376492994056856, 0.11782103575443191]}, "expectations": {"1": 19.259924000182693, "2": 20.215208478750874, "3": 20.794125839059454, "4": 21.131731200697274, "5": 21.353573929535926}, "alpha": {"1": 0.8754510909173951, "2": 0.9188731126704943, "3": 0.9451875381390661, "4": 0.9605332363953306, "5": 0.9706169967970876}, "true_obj": 22}