{"edges": [[0, 1], [0, 3], [0, 4], [0, 6], [0, 8], [1, 4], [1, 5], [1, 6], [1, 9], [2, 4], [2, 7], [2, 9], [3, 4], [3, 7], [3, 9], [4, 5], [4, 6], [4, 7], [5, 6], [5, 8], [5, 9], [6, 7]], "params": {"1": [0.46386109536310416, 0.32623308355063996], "2": [0.3674957318661845, 0.6909059274650456, 0.4490266619763417, 0.28794136512642515], "3": [0.3062720523751704, 0.5942618254691571, 0.7167044961306163, 0.47461781653098684, 0.3638880112357653, 0.20998394349808225], "4": [0.2571297144742583, 0.522553275895728, 0.5987967609621527, 0.7340330460354922, 0.4917218650528344, 0.37748716808788246, 0.2822219256566478, 0.16525353454484631], "5": [0.2407000614064729, 0.4882168369433354, 0.5588017529047, 0.6620679917368908, 0.807779031604174, 0.5119201066876333, 0.3971852126372878, 0.30905011633578017, 0.24126429516048925, 0.1263600601727188]}, "expectations": {"1": 13.491168917010379, "2": 14.777813596055472, "3": 15.447532715710963, "4": 15.791849596548982, "5": 16.004615635200253}, "alpha": {"1": 0.7935981715888458, "2": 0.8692831527091454, "3": 0.9086783950418214, "4": 0.9289323292087637, "5": 0.9414479785411913}, "true_obj": 17}