{"edges": [[0, 1], [0, 4], [0, 5], [0, 7], [0, 8], [0, 9], [1, 7], [2, 3], [2, 4], [3, 4], [3, 7], [3, 8], [4, 7], [4, 8], [4, 9], [5, 7], [5, 8], [5, 9], [6, 7], [6, 8], [6, 9], [7, 8], [7, 9]], "params": {"1": [0.42709030221634936, 0.30009649886792295], "2": [0.34740871856501393, 0.7050886245831565, 0.42144213021645943, 0.2646580292343782], "3": [0.28662164690181546, 0.5810153927191269, 0.6950526999068944, 0.45167021098052906, 0.3272057271243471, 0.19503333789787727], "4": [0.2722058085371025, 0.5262257226940179, 0.5923863272067871, 0.7643407856896166, 0.4685096641185977, 0.3796318187466836, 0.2839709177044438, 0.18799405020433366], "5": [0.25414586418524016, 0.4863100384527983, 0.5015377898098841, 0.6280842203382226, 0.737748708123528, 0.46538837958325235, 0.37323224736324007, 0.3257527250488793, 0.277075194373568, 0.1826956843084678]}, "expectations": {"1": 13.695206723844446, "2": 14.715488237716205, "3": 15.254204551876926, "4": 15.676015805164846, "5": 16.0272315381147}, "alpha": {"1": 0.8056003955202615, "2": 0.8656169551597768, "3": 0.8973061501104074, "4": 0.9221185767744027, "5": 0.942778325771453}, "true_obj": 17}