{"edges": [[0, 1], [0, 2], [0, 3], [0, 4], [0, 5], [0, 6], [0, 7], [0, 8], [0, 9], [1, 2], [1, 3], [1, 6], [1, 7], [1, 8], [1, 9], [2, 3], [2, 4], [3, 4], [3, 6], [3, 7], [3, 8], [3, 9], [4, 6], [4, 7], [4, 8], [5, 6], [5, 8], [5, 9], [6, 7], [6, 8], [7, 9]], "params": {"1": [0.354178038495018, 0.27132077782660396], "2": [0.32047539023718297, 0.6160606939391157, 0.4219681581973064, 0.2721847218936804], "3": [0.2515289036951939, 0.5330890401656192, 0.6148754809935558, 0.412468054298187, 0.3212628205507435, 0.19852820559649376], "4": [0.2211373891412198, 0.4710272275374969, 0.5157396749970813, 0.7009240168896378, 0.42590162372926943, 0.3447777261403863, 0.284281242704123, 0.17932161221577264], "5": [0.22017832719290423, 0.4149863063102219, 0.4338665509917448, 0.5642807113693242, 0.6737687637861668, 0.43413751782445154, 0.33964139699590684, 0.3132967199532596, 0.27651017779077197, 0.19211615417120192]}, "expectations": {"1": 17.77786930308251, "2": 18.866335699401994, "3": 19.52763484801345, "4": 20.00660270402457, "5": 20.47503752058531}, "alpha": {"1": 0.8080849683219323, "2": 0.8575607136091815, "3": 0.8876197658187931, "4": 0.9093910320011168, "5": 0.9306835236629687}, "true_obj": 22}