{"edges": [[0, 1], [0, 7], [0, 8], [0, 9], [1, 2], [1, 3], [1, 4], [1, 7], [1, 9], [2, 5], [2, 6], [2, 7], [2, 9], [3, 4], [3, 5], [3, 6], [3, 7], [3, 8], [3, 9], [4, 5], [4, 7], [4, 9], [5, 6], [5, 7], [5, 8], [6, 7], [6, 8], [6, 9], [7, 9], [8, 9]], "params": {"1": [0.3673231521542596, 0.2803247115277047], "2": [0.31639622486215657, 0.6471854155040304, 0.40302173004714764, 0.2568605030169388], "3": [0.26229225501389547, 0.5603743283970329, 0.6678211250411691, 0.41374312525996265, 0.313055350912251, 0.19295011213204516], "4": [0.2248707573602484, 0.4909138519120576, 0.5570358503448545, 0.7386306917459667, 0.42489086868593157, 0.32410525483950753, 0.2578075562070123, 0.1635206274181793], "5": [0.19660233966555035, 0.4227090446085482, 0.47484589798203164, 0.5950975891034554, 0.7378736109023802, 0.44126670170434906, 0.313008498175043, 0.27465367798883883, 0.22513902614397913, 0.1430252535802413]}, "expectations": {"1": 17.360269389903408, "2": 18.452260781850182, "3": 19.09955509214626, "4": 19.489051241776455, "5": 19.73015084817758}, "alpha": {"1": 0.8266794947573052, "2": 0.8786790848500087, "3": 0.9095026234355362, "4": 0.9280500591322122, "5": 0.9395309927703609}, "true_obj": 21}