{"edges": [[0, 1], [0, 7], [0, 8], [0, 9], [1, 3], [1, 4], [1, 7], [1, 8], [1, 9], [2, 3], [2, 4], [2, 6], [2, 7], [2, 8], [3, 4], [3, 6], [3, 7], [3, 8], [5, 6], [5, 7], [6, 7], [6, 8], [7, 8], [7, 9], [8, 9]], "params": {"1": [0.3983043076602215, 0.2851899990001721], "2": [0.291861126203211, 0.7360313296412672, 0.3709201378367073, 0.19661612351715388], "3": [0.265688392535775, 0.5715957887717692, 0.7611896696540754, 0.4093865135808357, 0.25268404828753144, 0.15749878788095528], "4": [0.24633559776558672, 0.5241232136999716, 0.6241651820664564, 0.8482911842958973, 0.42583809343090656, 0.29059751840133113, 0.21994332241679646, 0.14446786941404036], "5": [0.23036152971149043, 0.4810177828823002, 0.5469318189994901, 0.6625129925224001, 0.8006392009055441, 0.4285203731232301, 0.29375977262117553, 0.25036675234501843, 0.20031511164438567, 0.13613517172344183]}, "expectations": {"1": 14.656655378754055, "2": 15.326683111232105, "3": 15.69239018811146, "4": 15.954835546955385, "5": 16.15709026487905}, "alpha": {"1": 0.8621561987502385, "2": 0.9015695947783592, "3": 0.9230817757712624, "4": 0.9385197380561991, "5": 0.95041707440465}, "true_obj": 17}