{"edges": [[0, 1], [0, 2], [0, 3], [0, 6], [0, 7], [0, 9], [1, 2], [1, 3], [1, 6], [1, 7], [1, 8], [1, 9], [2, 3], [2, 5], [3, 4], [3, 6], [3, 9], [4, 6], [4, 8], [5, 6], [5, 7], [5, 9], [7, 8], [8, 9]], "params": {"1": [0.445797669710373, 0.3249578636065466], "2": [0.3585156291058568, 0.6214669148052414, 0.4755811935831455, 0.32201578958076393], "3": [0.3137083612412308, 0.5538093910109402, 0.6702388644707876, 0.513233994210448, 0.44532636814789067, 0.2524973415034163], "4": [0.266100059433979, 0.4967127339573581, 0.5572307100470564, 0.6330538142092519, 0.525533716318492, 0.4620254080085114, 0.3636608017293164, 0.21470642934208956], "5": [0.2301273553865998, 0.44052189608342573, 0.4764630966281238, 0.5503511253042527, 0.6517337517028894, 0.5304425559647353, 0.4422054512584994, 0.3768723835520003, 0.33035583603629076, 0.17050579702195182]}, "expectations": {"1": 14.603323879994653, "2": 16.266107860808496, "3": 17.197347123715982, "4": 17.767492370563215, "5": 18.09018729413429}, "alpha": {"1": 0.7685959936839291, "2": 0.8561109400425524, "3": 0.905123532827157, "4": 0.935131177398064, "5": 0.9521151207439099}, "true_obj": 19}