{"edges": [[0, 1], [0, 2], [0, 4], [0, 5], [0, 7], [0, 9], [0, 10], [0, 11], [1, 2], [1, 3], [1, 4], [1, 5], [1, 7], [1, 11], [2, 4], [2, 5], [2, 8], [2, 9], [2, 10], [3, 6], [3, 7], [3, 8], [3, 9], [3, 11], [4, 6], [4, 7], [4, 9], [4, 11], [5, 8], [5, 9], [5, 10], [6, 7], [7, 8], [7, 10], [7, 11], [8, 9], [10, 11]], "params": {"1": [0.3707952969579906, 0.29328061405847655], "2": [0.2998573628092847, 0.6010675903847912, 0.41435497115671355, 0.2654630804650692], "3": [0.25658394133619455, 0.5089553014859124, 0.6350965668583282, 0.4449697930580483, 0.3432584802744744, 0.2051977310123859], "4": [0.22953297803127498, 0.45941733874934476, 0.5288890239955876, 0.6495400821943987, 0.46563488339491405, 0.3760339276598806, 0.2851185916295834, 0.18478310865104647], "5": [0.20881412751993872, 0.4212499482394268, 0.46980546804414913, 0.5430696483963612, 0.6630834815393604, 0.48291408884250964, 0.37888228527867995, 0.30994400343931783, 0.2610792967899449, 0.15623401491020997]}, "expectations": {"1": 21.544858676446513, "2": 23.047429652896465, "3": 23.92257206307589, "4": 24.522167866896474, "5": 24.938171494284923}, "alpha": {"1": 0.8286484106325582, "2": 0.8864396020344795, "3": 0.9200989255029188, "4": 0.9431603025729414, "5": 0.9591604420878816}, "true_obj": 26}