{"edges": [[0, 1], [0, 2], [0, 4], [0, 6], [0, 7], [0, 10], [0, 11], [1, 2], [1, 7], [1, 8], [1, 11], [2, 3], [2, 4], [2, 5], [2, 6], [2, 9], [2, 10], [3, 5], [3, 6], [3, 7], [3, 9], [3, 10], [4, 6], [4, 7], [4, 10], [5, 7], [5, 8], [5, 9], [5, 10], [5, 11], [6, 7], [6, 9], [6, 10], [7, 8], [7, 9], [7, 10], [9, 11], [10, 11]], "params": {"1": [0.36240241357236563, 0.2868390613692489], "2": [0.28985349362869883, 0.5875895358359903, 0.40680385920912937, 0.2582146812862618], "3": [0.24885646854407786, 0.5086437858909049, 0.6340704986584196, 0.43099457599583835, 0.32232161249531144, 0.18494098667103123], "4": [0.21670733980439288, 0.45478579659675034, 0.5219853531565681, 0.6478957914960494, 0.4447166931396971, 0.3392369358911332, 0.24648969090036535, 0.15987668982813763], "5": [0.20060786602766445, 0.4160698016845943, 0.4676642702433945, 0.5558536132256018, 0.6521983273461869, 0.4653223402372137, 0.3509809495503365, 0.27173574066684253, 0.22223419235243608, 0.13658758917097197]}, "expectations": {"1": 21.975769841063364, "2": 23.381496691661127, "3": 24.108057609531322, "4": 24.5919724308851, "5": 24.94162404623719}, "alpha": {"1": 0.8452219169639755, "2": 0.8992883342946587, "3": 0.9272329849819739, "4": 0.9458450934955808, "5": 0.9592932325475843}, "true_obj": 26}