{"edges": [[0, 1], [0, 3], [0, 10], [0, 11], [1, 2], [1, 4], [1, 7], [1, 8], [1, 9], [2, 3], [2, 4], [2, 5], [2, 7], [2, 8], [2, 10], [3, 4], [3, 5], [3, 9], [3, 10], [4, 5], [4, 8], [4, 10], [4, 11], [5, 7], [5, 9], [6, 7], [6, 9], [6, 11], [7, 8], [7, 10], [8, 10], [10, 11]], "params": {"1": [0.41692983215256607, 0.3149676604464559], "2": [0.31505833463319566, 0.6128134605467563, 0.4355774784111988, 0.2722932398343639], "3": [0.27387276744066885, 0.5211009848711552, 0.6660083302102707, 0.4789933633123847, 0.3625323800754019, 0.2021297583427988], "4": [0.26706753968564984, 0.48252673050539124, 0.5703402623505585, 0.6460594313995058, 0.5145134753443998, 0.4318860390403907, 0.3237759669171674, 0.20675781055638384], "5": [0.2508718576729013, 0.46319510395856534, 0.5274467295151193, 0.5555020682731362, 0.6561602777621005, 0.5204206855394603, 0.44612601862796486, 0.3683003727115718, 0.3160547264250118, 0.18543517270702597]}, "expectations": {"1": 19.132494027392408, "2": 20.626813492823494, "3": 21.39321564406671, "4": 22.02356697548882, "5": 22.56698713402108}, "alpha": {"1": 0.7971872511413504, "2": 0.8594505622009789, "3": 0.8913839851694463, "4": 0.9176486239787008, "5": 0.9402911305842117}, "true_obj": 24}