{"edges": [[0, 1], [0, 2], [0, 3], [0, 4], [0, 5], [0, 6], [0, 7], [0, 8], [0, 9], [0, 10], [0, 11], [1, 2], [1, 3], [1, 4], [1, 5], [1, 6], [1, 8], [1, 9], [1, 10], [1, 11], [2, 3], [2, 4], [2, 5], [2, 6], [2, 8], [2, 9], [2, 10], [3, 4], [3, 7], [3, 8], [3, 9], [3, 10], [4, 5], [4, 6], [4, 7], [4, 9], [4, 10], [4, 11], [5, 6], [5, 8], [5, 9], [5, 10], [5, 11], [6, 7], [6, 8], [6, 9], [6, 10], [6, 11], [7, 8], [7, 9], [7, 10], [7, 11], [8, 9], [8, 11], [9, 10], [9, 11], [10, 11]], "params": {"1": [0.2589616244608279, 0.22821946937011367], "2": [0.2526514612387014, 0.5150973726683348, 0.3882721702916561, 0.2328531709894396], "3": [0.19697752978529715, 0.47475554516904966, 0.5389003436931832, 0.3357259462432056, 0.2449615735420785, 0.17481495018871848], "4": [0.1782274836433061, 0.42261714973123254, 0.4523489810296608, 0.6481775662463795, 0.33738097076418977, 0.24193823301084094, 0.21727680441680575, 0.12884628950218832], "5": [0.1710971564176873, 0.3784379875323793, 0.4082912839443307, 0.5407247567071368, 0.747686015975992, 0.3464083576704041, 0.2318243449663312, 0.23620224433629028, 0.17497014024390817, 0.11936820462278858]}, "expectations": {"1": 31.17876580448782, "2": 32.02470952849122, "3": 32.68349858022434, "4": 33.12660580729972, "5": 33.43267782354545}, "alpha": {"1": 0.8908218801282235, "2": 0.9149917008140349, "3": 0.9338142451492668, "4": 0.9464744516371348, "5": 0.9552193663870128}, "true_obj": 35}