{"edges": [[0, 2], [0, 3], [0, 4], [0, 5], [0, 6], [0, 8], [0, 11], [1, 2], [1, 3], [1, 4], [1, 6], [1, 7], [1, 9], [1, 10], [2, 3], [2, 4], [2, 5], [2, 6], [2, 8], [2, 10], [2, 11], [3, 4], [3, 5], [3, 7], [3, 8], [3, 10], [3, 11], [4, 5], [4, 6], [4, 8], [4, 9], [4, 10], [4, 11], [5, 7], [5, 8], [5, 9], [5, 10], [6, 7], [6, 8], [6, 11], [7, 8], [7, 9], [7, 10], [7, 11], [8, 9], [8, 10], [8, 11], [9, 10], [9, 11]], "params": {"1": [0.3003150459740671, 0.2540853563887624], "2": [0.26685300237602266, 0.5501046994499194, 0.3847065811199424, 0.253078903738643], "3": [0.2112866151607039, 0.4759250593669958, 0.5516144938297214, 0.3864400390773415, 0.3001038146798105, 0.18556922409933652], "4": [0.18726595619150557, 0.41607293874268414, 0.46101954386557775, 0.6332355052558448, 0.39952456781605433, 0.3060615137479589, 0.24158280052296666, 0.1511363852840952], "5": [0.17018532056447147, 0.3689399752660652, 0.4051939225880436, 0.5203667787315682, 0.6469613707476438, 0.4166835766687211, 0.30961911737308484, 0.266099688594017, 0.21208793341790425, 0.13737561927277778]}, "expectations": {"1": 27.39247425488371, "2": 28.788342535475195, "3": 29.554624822353528, "4": 30.037513101809893, "5": 30.37999849646204}, "alpha": {"1": 0.8560148204651159, "2": 0.8996357042335998, "3": 0.9235820256985477, "4": 0.9386722844315591, "5": 0.9493749530144387}, "true_obj": 32}