{"edges": [[0, 1], [0, 3], [0, 4], [0, 6], [0, 8], [0, 11], [1, 4], [1, 5], [1, 6], [1, 9], [1, 10], [1, 11], [2, 4], [2, 7], [2, 9], [2, 10], [2, 11], [3, 4], [3, 7], [3, 9], [3, 10], [3, 11], [4, 5], [4, 6], [4, 7], [4, 10], [4, 11], [5, 6], [5, 8], [5, 9], [5, 10], [6, 7], [6, 10], [7, 10], [7, 11], [8, 10], [9, 10], [9, 11]], "params": {"1": [0.36620155615559924, 0.2891813390851601], "2": [0.29420323090222045, 0.5966883014178666, 0.40452734862650463, 0.2613822614527482], "3": [0.24879923326028908, 0.5117357021881718, 0.63621519468796, 0.4286622524581206, 0.32681714395750444, 0.1916274718641718], "4": [0.2169667226622568, 0.4564563134477235, 0.5301807057416775, 0.671474916334634, 0.4494478115346123, 0.3471770432905302, 0.25727616803921516, 0.163784837775393], "5": [0.19400144074817893, 0.41341312183759854, 0.481631785880872, 0.5724136592329907, 0.6908621042184931, 0.47561500023892506, 0.35934325018577834, 0.28183916645612733, 0.22752998083400175, 0.1308253082223439]}, "expectations": {"1": 22.01752179254493, "2": 23.50857330475082, "3": 24.293992257124817, "4": 24.77462408235246, "5": 25.062933054295886}, "alpha": {"1": 0.8468277612517281, "2": 0.9041758963365699, "3": 0.9343843175817237, "4": 0.9528701570135562, "5": 0.9639589636267648}, "true_obj": 26}