{"edges": [[0, 5], [0, 7], [0, 8], [0, 10], [1, 3], [1, 5], [1, 6], [1, 10], [1, 11], [2, 7], [2, 8], [2, 9], [2, 10], [3, 4], [3, 6], [3, 10], [3, 11], [4, 5], [4, 6], [4, 7], [4, 10], [5, 7], [5, 10], [5, 11], [6, 7], [6, 10], [6, 11], [7, 9], [7, 10], [7, 11], [8, 11], [9, 11]], "params": {"1": [0.40933898753211156, 0.30635012357669755], "2": [0.31393929024941924, 0.639224150978557, 0.4152964495713807, 0.25776107743983995], "3": [0.26919581012705324, 0.5393474158746971, 0.6802761183237539, 0.4495761239811651, 0.3250986138473529, 0.18624959532355745], "4": [0.23964476508337787, 0.4880875565656016, 0.5724617768988061, 0.7068355044097633, 0.47184226456796435, 0.35994256320234636, 0.259524632868921, 0.16411736226825227], "5": [0.23424508592932516, 0.4617669864124168, 0.5259451192003862, 0.6031197509132566, 0.7099502275334036, 0.4909099911115856, 0.3839093723841611, 0.2999016377162299, 0.24846965550515335, 0.15280074108773034]}, "expectations": {"1": 18.97746155701176, "2": 20.32539876783575, "3": 21.010734739978766, "4": 21.45933084384085, "5": 21.83382555209933}, "alpha": {"1": 0.8251070242179026, "2": 0.8837129899059022, "3": 0.9135102060860333, "4": 0.9330143845148196, "5": 0.9492967631347535}, "true_obj": 23}