{"edges": [[0, 4], [0, 5], [0, 9], [0, 10], [1, 2], [1, 3], [1, 4], [1, 5], [1, 6], [1, 7], [1, 9], [1, 10], [1, 11], [2, 3], [2, 4], [2, 5], [2, 6], [2, 7], [2, 10], [2, 11], [3, 5], [3, 6], [3, 8], [3, 9], [4, 10], [5, 6], [5, 7], [5, 8], [5, 11], [6, 9], [6, 11], [7, 10], [8, 9], [8, 11], [9, 11], [10, 11]], "params": {"1": [0.37689094985267696, 0.2919583513450891], "2": [0.3073167366128324, 0.6023736139052145, 0.41756146392955434, 0.2718696517635917], "3": [0.2605730420873532, 0.5235283243297912, 0.6240857699765323, 0.43737520283134046, 0.3412859393008705, 0.20149329316949902], "4": [0.22155222317647646, 0.46124361075235165, 0.5113334541516217, 0.6407659717083565, 0.44227251082376745, 0.34677119395521533, 0.2675200445957955, 0.16677497110146436], "5": [0.19682939043349132, 0.4153042668243423, 0.45615087497936896, 0.5459690603427871, 0.6615828842331158, 0.4654443259529406, 0.3482232946870846, 0.28692072642189753, 0.23389255529364372, 0.13621048523905516]}, "expectations": {"1": 20.961245070616744, "2": 22.45511287935809, "3": 23.274485335637664, "4": 23.77315556599359, "5": 24.080857100103643}, "alpha": {"1": 0.8384498028246697, "2": 0.8982045151743236, "3": 0.9309794134255065, "4": 0.9509262226397436, "5": 0.9632342840041457}, "true_obj": 25}