{"edges": [[0, 1], [0, 7], [0, 8], [0, 9], [0, 11], [1, 3], [1, 4], [1, 7], [1, 8], [1, 9], [1, 10], [2, 3], [2, 4], [2, 6], [2, 7], [2, 8], [2, 10], [3, 4], [3, 6], [3, 7], [3, 8], [3, 11], [4, 10], [4, 11], [5, 6], [5, 7], [5, 10], [5, 11], [6, 7], [6, 8], [6, 11], [7, 8], [7, 9], [7, 10], [8, 9], [8, 10], [10, 11]], "params": {"1": [0.3700636953191634, 0.2913103716044168], "2": [0.2880977930361804, 0.6025423153441037, 0.40551048505142434, 0.24716208233066853], "3": [0.2519870545431815, 0.5145532701745845, 0.6434023212066453, 0.4321268953327376, 0.3139697047716883, 0.18239304758276093], "4": [0.23253689878098158, 0.4695610296536292, 0.5572181881574444, 0.6584310808601241, 0.47307222680477823, 0.3700272521874919, 0.2687196693051326, 0.17648122606848024], "5": [0.21928457156446463, 0.43187499637366145, 0.49900001356929885, 0.5605453347501113, 0.641024793095364, 0.48362819955987324, 0.388872541012593, 0.309108501837489, 0.2570226463045381, 0.15648505553614597]}, "expectations": {"1": 21.511153551259486, "2": 22.80497496693273, "3": 23.50748467970621, "4": 24.00765310116971, "5": 24.416385776728127}, "alpha": {"1": 0.8273520596638264, "2": 0.877114421805105, "3": 0.9041340261425466, "4": 0.9233712731219119, "5": 0.9390917606433895}, "true_obj": 26}