{"edges": [[0, 1], [0, 2], [0, 3], [0, 5], [0, 6], [0, 7], [0, 8], [0, 9], [0, 10], [0, 11], [1, 2], [1, 3], [1, 6], [1, 8], [1, 10], [1, 11], [2, 3], [2, 4], [2, 5], [2, 6], [2, 7], [2, 10], [3, 5], [3, 6], [3, 8], [3, 9], [3, 10], [4, 5], [4, 7], [4, 9], [4, 11], [5, 8], [5, 11], [6, 7], [6, 9], [6, 10], [8, 9], [8, 11], [9, 10]], "params": {"1": [0.3561974315319133, 0.2807334840725907], "2": [0.2806299958029109, 0.6071964323655916, 0.39613420847081243, 0.23938664474350463], "3": [0.23795820242334742, 0.5030752719401254, 0.6413856772514012, 0.42005481152526336, 0.2934883086613088, 0.1702331441294027], "4": [0.20202841377776098, 0.43787314861510807, 0.5148856564945421, 0.6897999522239373, 0.42811664675951344, 0.3109345282268078, 0.22839140848927958, 0.13931851331011644], "5": [0.18709238592219674, 0.40006664944958115, 0.4602328497585158, 0.5790811389250937, 0.7075309526176196, 0.45627137866510137, 0.32767657876074946, 0.2611504106653875, 0.20395223557796593, 0.12269824617030348]}, "expectations": {"1": 22.43894285314802, "2": 23.670852227295914, "3": 24.3091591926099, "4": 24.667589832733103, "5": 24.91621166854305}, "alpha": {"1": 0.8630362635826162, "2": 0.9104173933575351, "3": 0.9349676612542269, "4": 0.9487534551051193, "5": 0.9583158334055019}, "true_obj": 26}