{"edges": [[0, 1], [0, 4], [0, 5], [0, 6], [0, 7], [0, 8], [0, 9], [0, 10], [1, 2], [1, 3], [1, 4], [1, 5], [1, 7], [1, 8], [1, 9], [1, 10], [1, 11], [2, 3], [2, 4], [2, 5], [2, 6], [2, 8], [2, 9], [3, 6], [3, 9], [3, 10], [3, 11], [4, 5], [4, 6], [4, 7], [4, 9], [4, 10], [4, 11], [5, 8], [5, 9], [5, 10], [5, 11], [6, 7], [6, 8], [6, 9], [6, 10], [7, 8], [7, 9], [7, 11], [8, 9], [9, 11]], "params": {"1": [0.31727760223677676, 0.2629674233084075], "2": [0.26616624985806037, 0.557562329319683, 0.3885659791285475, 0.24969593040853097], "3": [0.2184195890903909, 0.47948770402794894, 0.589214079456357, 0.3986440637635577, 0.2906383721078938, 0.16404540977452506], "4": [0.18536539507624405, 0.41821242463381947, 0.486357894304506, 0.6853117021820447, 0.4059065239290619, 0.2952826465160204, 0.21594898336837545, 0.12752730010952554], "5": [0.16288172351608027, 0.36078344605620194, 0.4148260549156256, 0.561826561251869, 0.7089076365679052, 0.4173302097668045, 0.2896576664383818, 0.24057512609818535, 0.17748696381385054, 0.11088822030808583]}, "expectations": {"1": 25.931114446778484, "2": 27.32696886638808, "3": 27.967045854760517, "4": 28.318467374913165, "5": 28.53784553837214}, "alpha": {"1": 0.8643704815592828, "2": 0.910898962212936, "3": 0.9322348618253505, "4": 0.9439489124971056, "5": 0.951261517945738}, "true_obj": 30}