{"edges": [[0, 1], [0, 2], [0, 3], [0, 5], [0, 6], [0, 8], [0, 9], [0, 10], [0, 11], [1, 2], [1, 3], [1, 4], [1, 5], [1, 6], [1, 7], [1, 9], [1, 11], [2, 3], [2, 5], [2, 8], [2, 9], [2, 10], [2, 11], [3, 4], [3, 5], [3, 6], [3, 7], [3, 9], [3, 10], [3, 11], [4, 5], [4, 7], [4, 8], [5, 6], [5, 7], [5, 8], [5, 9], [5, 10], [5, 11], [6, 7], [6, 8], [6, 11], [7, 8], [7, 9], [7, 10], [7, 11], [8, 9], [8, 10], [8, 11], [9, 10], [9, 11], [10, 11]], "params": {"1": [0.2800780971961366, 0.24026539728792945], "2": [0.2652233281297447, 0.5293235844580702, 0.39170957025760855, 0.250963453068431], "3": [0.20464835602819922, 0.47770513148471155, 0.5229646280508929, 0.3586757557110657, 0.2874346105841027, 0.19309826068355088], "4": [0.18296985958683387, 0.410468407703003, 0.42980147996295714, 0.6167286874985658, 0.3611265229332106, 0.2750266995129409, 0.24609647282858121, 0.14940405539333512], "5": [0.17507332389401803, 0.36362999458152956, 0.3800369117347649, 0.5041254367583824, 0.6539010216803323, 0.38083050952522524, 0.27080435292767185, 0.26076232927767695, 0.21111032835868218, 0.14357973169540417]}, "expectations": {"1": 28.73843411180471, "2": 29.920612532537923, "3": 30.69609304811271, "4": 31.21990178985707, "5": 31.608740337224543}, "alpha": {"1": 0.8708616397516579, "2": 0.906685228258725, "3": 0.9301846378215973, "4": 0.9460576299956688, "5": 0.9578406162795315}, "true_obj": 33}