{"edges": [[0, 1], [0, 3], [0, 4], [0, 5], [0, 6], [0, 7], [0, 8], [0, 9], [1, 2], [1, 3], [1, 4], [1, 5], [1, 6], [1, 7], [1, 8], [1, 9], [1, 10], [1, 11], [2, 3], [2, 4], [2, 6], [2, 9], [2, 11], [3, 4], [3, 5], [3, 6], [3, 7], [3, 8], [3, 10], [3, 11], [4, 5], [4, 6], [4, 7], [4, 9], [4, 10], [4, 11], [5, 8], [5, 9], [5, 10], [5, 11], [6, 7], [6, 8], [6, 9], [6, 10], [6, 11], [7, 8], [7, 9], [7, 11], [8, 9], [8, 10], [9, 11], [10, 11]], "params": {"1": [0.28207474625713846, 0.2417879276436892], "2": [0.2675263720506613, 0.5517293445630413, 0.37768572818410956, 0.2458146944654231], "3": [0.20439627276623332, 0.48364013844026915, 0.5418367467975023, 0.35735847640055884, 0.2710027163554344, 0.18458683649864502], "4": [0.18029569768970685, 0.4056851559408833, 0.4437392430749559, 0.6427467471225493, 0.36047170838552034, 0.25959473743620626, 0.22837218473225368, 0.13709649530338167], "5": [0.16538037682154877, 0.3627993482173926, 0.38909452540506617, 0.5218412070456018, 0.7075423347783261, 0.37965623000620097, 0.25746265408222246, 0.23960962518326165, 0.18229682246044934, 0.11610268401322656]}, "expectations": {"1": 28.769631195412995, "2": 29.984392661374542, "3": 30.718397722783354, "4": 31.147843202506518, "5": 31.407552124701944}, "alpha": {"1": 0.8718070059216059, "2": 0.9086179594355922, "3": 0.930860537054041, "4": 0.9438740364395914, "5": 0.9517440037788468}, "true_obj": 33}