{"edges": [[0, 1], [0, 2], [0, 3], [0, 4], [0, 5], [0, 6], [0, 9], [0, 11], [0, 12], [1, 3], [1, 4], [1, 5], [1, 7], [1, 8], [1, 9], [1, 11], [2, 4], [2, 5], [2, 8], [2, 10], [2, 11], [2, 13], [3, 5], [3, 6], [3, 10], [3, 11], [3, 12], [4, 5], [4, 6], [4, 9], [4, 13], [5, 6], [5, 9], [5, 10], [5, 11], [5, 12], [5, 13], [6, 7], [6, 9], [6, 11], [6, 12], [7, 9], [7, 10], [7, 11], [8, 9], [8, 10], [8, 12], [9, 11], [10, 11], [10, 12], [11, 13], [12, 13]], "params": {"1": [0.3377128437903818, 0.28239206683179563], "2": [0.2715434583616415, 0.5264262863528189, 0.4071576385412422, 0.27266204505717784], "3": [0.22824335058108167, 0.454568122539687, 0.5771178442947067, 0.43467074902000274, 0.3484687336314942, 0.20072697008978285], "4": [0.2079928755968618, 0.40379262962078705, 0.4877255790743654, 0.5775507708662807, 0.47436537496293213, 0.3893540224039426, 0.28714076082213075, 0.1869728918373811], "5": [0.19439478211529015, 0.3729568140555961, 0.43940243204723917, 0.4883789100841256, 0.5928293177561283, 0.4915055050264469, 0.4070173432535226, 0.3162411558105331, 0.2679030502901538, 0.15481317140692372]}, "expectations": {"1": 29.68885204277475, "2": 31.741161129731164, "3": 32.82187724685378, "4": 33.55815354871447, "5": 34.07926948474847}, "alpha": {"1": 0.8246903345215209, "2": 0.8816989202703102, "3": 0.911718812412605, "4": 0.9321709319087353, "5": 0.9466463745763465}, "true_obj": 36}