{"edges": [[0, 4], [0, 5], [0, 6], [0, 7], [0, 13], [1, 2], [1, 4], [1, 8], [1, 11], [2, 3], [2, 6], [2, 7], [2, 8], [2, 10], [2, 11], [2, 13], [3, 4], [3, 5], [3, 7], [3, 10], [3, 11], [3, 13], [4, 5], [4, 9], [4, 11], [4, 12], [5, 10], [5, 12], [5, 13], [6, 7], [6, 8], [6, 11], [6, 13], [7, 9], [8, 12], [9, 10], [9, 12], [9, 13], [10, 11], [11, 13], [12, 13]], "params": {"1": [0.40042001527229637, 0.32119525663767473], "2": [0.29683276333707226, 0.5697222571154656, 0.43473614784453485, 0.27146888944145736], "3": [0.2546253579380866, 0.4856328348356094, 0.6153559669873517, 0.47713295488829366, 0.35954033324523066, 0.20328996721419682], "4": [0.23804430848817365, 0.4407840686126296, 0.5283314817839184, 0.5872784511654775, 0.5174829128895884, 0.423236759809753, 0.30784737923394395, 0.18950363795692649], "5": [0.2202208413825637, 0.41525179608449403, 0.477173010368047, 0.5129147979983465, 0.5874905111295374, 0.5227823414067813, 0.4397663004928342, 0.34826696313514294, 0.27614871026265075, 0.1549346239173331]}, "expectations": {"1": 24.435465640841674, "2": 26.29288715970075, "3": 27.24881201089301, "4": 27.94237524653383, "5": 28.461308562048657}, "alpha": {"1": 0.8145155213613892, "2": 0.876429571990025, "3": 0.9082937336964336, "4": 0.9314125082177944, "5": 0.9487102854016219}, "true_obj": 30}