{"edges": [[0, 5], [0, 7], [0, 8], [0, 10], [0, 12], [0, 13], [1, 3], [1, 5], [1, 6], [1, 10], [1, 11], [1, 13], [2, 7], [2, 8], [2, 9], [2, 10], [3, 4], [3, 6], [3, 10], [3, 11], [4, 5], [4, 6], [4, 7], [4, 10], [5, 7], [5, 10], [5, 11], [5, 13], [6, 7], [6, 10], [6, 11], [7, 9], [7, 10], [7, 11], [8, 11], [8, 13], [9, 11], [10, 12], [10, 13]], "params": {"1": [0.39903087114936353, 0.3069582236583659], "2": [0.2986015275925953, 0.6233090710191151, 0.4043956016673543, 0.24483204264112932], "3": [0.2580248904023481, 0.523905592999047, 0.6758260572460373, 0.4400113046260876, 0.3090988207009728, 0.1802873328103686], "4": [0.23022550903863395, 0.4720359472572834, 0.566406657866472, 0.6972539364534688, 0.46491140363550765, 0.34621575618840084, 0.24909454465582387, 0.15892066069294974], "5": [0.21440859754801328, 0.4348191191137638, 0.505492041788077, 0.5874280713214779, 0.6970978835134903, 0.48402164472878806, 0.3651958655029398, 0.28210169110384165, 0.22876099965367777, 0.13804649203409156]}, "expectations": {"1": 23.01088342688443, "2": 24.474121667848536, "3": 25.232976360284464, "4": 25.726154143433185, "5": 26.08905840175116}, "alpha": {"1": 0.8218172652458725, "2": 0.8740757738517334, "3": 0.9011777271530166, "4": 0.918791219408328, "5": 0.9317520857768271}, "true_obj": 28}