{"edges": [[0, 1], [0, 3], [0, 4], [0, 6], [0, 8], [0, 11], [0, 12], [0, 13], [1, 4], [1, 5], [1, 6], [1, 9], [1, 10], [1, 11], [1, 12], [1, 13], [2, 4], [2, 7], [2, 9], [2, 10], [2, 11], [2, 13], [3, 4], [3, 7], [3, 9], [3, 10], [3, 11], [4, 5], [4, 6], [4, 7], [4, 10], [4, 11], [4, 13], [5, 6], [5, 8], [5, 9], [5, 10], [6, 7], [6, 10], [6, 13], [7, 10], [7, 11], [8, 10], [9, 10], [9, 11], [9, 12], [10, 13], [11, 13]], "params": {"1": [0.3500048772561402, 0.28562133015994134], "2": [0.27433077018129476, 0.5654544386375424, 0.39354405570376005, 0.25426864139480965], "3": [0.23026220113301585, 0.4816069006181231, 0.6142953048147942, 0.4177825118813651, 0.30869364348783773, 0.17879775416432334], "4": [0.20138311925361557, 0.4317351035926854, 0.5153483005110023, 0.666574038499558, 0.4366050245410826, 0.3288226353253018, 0.23469029450433027, 0.14847820898218073], "5": [0.18114322972741792, 0.3919153441786473, 0.4635699881755114, 0.5645132081337791, 0.688378654065682, 0.45910389559675036, 0.33889643462373065, 0.2584085682654338, 0.20319503791358506, 0.12184708095674515]}, "expectations": {"1": 27.551252871607375, "2": 29.295254601733372, "3": 30.14351518487468, "4": 30.645690924297295, "5": 30.96887091788192}, "alpha": {"1": 0.8609766522377305, "2": 0.9154767063041679, "3": 0.9419848495273337, "4": 0.9576778413842905, "5": 0.96777721618381}, "true_obj": 32}