{"edges": [[0, 1], [0, 2], [0, 6], [0, 7], [0, 8], [0, 10], [0, 11], [0, 12], [0, 13], [1, 2], [1, 3], [1, 4], [1, 5], [1, 6], [1, 7], [1, 8], [1, 10], [1, 11], [2, 3], [2, 4], [2, 5], [2, 6], [2, 8], [2, 9], [2, 10], [2, 11], [2, 12], [2, 13], [3, 4], [3, 6], [3, 7], [3, 8], [3, 11], [3, 12], [3, 13], [4, 5], [4, 6], [4, 7], [4, 9], [4, 10], [4, 11], [4, 12], [4, 13], [5, 6], [5, 7], [5, 8], [5, 9], [5, 10], [5, 11], [5, 12], [5, 13], [6, 7], [6, 8], [6, 11], [6, 12], [6, 13], [7, 8], [7, 11], [7, 12], [7, 13], [8, 9], [8, 10], [8, 11], [8, 13], [9, 11], [9, 13], [10, 11], [10, 12], [11, 12], [11, 13], [12, 13]], "params": {"1": [0.2568528143638901, 0.23226017439518093], "2": [0.24038295741152196, 0.5003235936386707, 0.36432074337971115, 0.24318330882455974], "3": [0.18712017310029708, 0.4511893482685533, 0.49549884023991203, 0.34759759987046257, 0.2804154486849053, 0.18421525587215082], "4": [0.1632446182946413, 0.3890294157674834, 0.41460511452181414, 0.6082444980975965, 0.3501330956503652, 0.26602908302264877, 0.2328294707242778, 0.1395564514026668], "5": [0.15262038016813795, 0.3383174957533738, 0.36672996209521536, 0.4911832678601901, 0.6488878927154397, 0.366879276682384, 0.26053653676526656, 0.2466255743046722, 0.19431077623610576, 0.13414529345290951]}, "expectations": {"1": 38.80471235911107, "2": 40.396139261732834, "3": 41.315152011037625, "4": 41.884499058058196, "5": 42.29582015262895}, "alpha": {"1": 0.881925280888888, "2": 0.9180940741302916, "3": 0.9389807275235824, "4": 0.9519204331376863, "5": 0.9612686398324761}, "true_obj": 44}