{"edges": [[0, 1], [0, 3], [0, 10], [0, 11], [0, 12], [0, 13], [1, 2], [1, 4], [1, 7], [1, 8], [1, 9], [1, 13], [2, 3], [2, 4], [2, 5], [2, 7], [2, 8], [2, 10], [2, 13], [3, 4], [3, 5], [3, 9], [3, 10], [3, 12], [3, 13], [4, 5], [4, 8], [4, 10], [4, 11], [4, 12], [5, 7], [5, 9], [6, 7], [6, 9], [6, 11], [7, 8], [7, 10], [8, 10], [8, 12], [8, 13], [9, 13], [10, 11], [11, 13], [12, 13]], "params": {"1": [0.3812627360524624, 0.308296941697886], "2": [0.2859899724925296, 0.5572011357322608, 0.419791869898758, 0.2711724137378244], "3": [0.24342989577348753, 0.47616511461254885, 0.6138768943240409, 0.45561260354672717, 0.3428769055785201, 0.19008214632984136], "4": [0.21462373927444586, 0.43202968970684186, 0.5247204166184845, 0.6273768859077871, 0.4812806949527713, 0.3781941754583186, 0.26352188315450376, 0.15618454467913295], "5": [0.20153834771418638, 0.4021739809054867, 0.4779209555820686, 0.544555249671099, 0.644982328616516, 0.504260533865074, 0.4006232887738028, 0.3022067473617346, 0.23151707486058007, 0.1303609332704199]}, "expectations": {"1": 25.832096752836065, "2": 27.772586813643304, "3": 28.67970621529689, "4": 29.210440387320315, "5": 29.58968362596859}, "alpha": {"1": 0.8332934436398731, "2": 0.8958898972143001, "3": 0.9251518133966738, "4": 0.9422722705587199, "5": 0.9545059234183416}, "true_obj": 31}