{"edges": [[0, 1], [0, 2], [0, 3], [0, 5], [0, 6], [0, 7], [0, 8], [0, 9], [0, 11], [0, 12], [0, 13], [1, 2], [1, 3], [1, 6], [1, 8], [1, 9], [1, 10], [1, 12], [1, 13], [2, 3], [2, 4], [2, 5], [2, 6], [2, 7], [2, 8], [2, 9], [2, 11], [2, 12], [2, 13], [3, 5], [3, 6], [3, 9], [3, 10], [3, 11], [3, 12], [3, 13], [4, 5], [4, 7], [4, 8], [4, 9], [4, 10], [4, 11], [4, 12], [4, 13], [5, 9], [5, 10], [5, 11], [5, 12], [5, 13], [6, 7], [6, 8], [6, 9], [6, 11], [6, 12], [7, 9], [7, 10], [7, 11], [7, 13], [8, 10], [8, 11], [8, 13], [9, 13], [10, 11], [11, 12], [11, 13], [12, 13]], "params": {"1": [0.2787289233560745, 0.24802210694210708], "2": [0.2456027523671914, 0.48338408572897457, 0.38263507778568195, 0.26530073465017034], "3": [0.20496245479166117, 0.4293944118654197, 0.5201919995364931, 0.39660511379941044, 0.33152212515774543, 0.18874318482511343], "4": [0.19287643932667, 0.3789196672770377, 0.4677225066296889, 0.5628756208656066, 0.4443314641686781, 0.3703003729219121, 0.26624315697307993, 0.17110471488605017], "5": [0.18632604335567723, 0.35054343134360716, 0.435896998341903, 0.47765889998494165, 0.5720212353868587, 0.46657469263055873, 0.39370997139569897, 0.29638997612290946, 0.24380306294559578, 0.14222602644763904]}, "expectations": {"1": 36.50470251907243, "2": 38.51721676963839, "3": 39.595311159886734, "4": 40.26988546620118, "5": 40.770000946464776}, "alpha": {"1": 0.8489465702109867, "2": 0.8957492272008928, "3": 0.9208211897648078, "4": 0.93650896433026, "5": 0.9481395568945297}, "true_obj": 43}