{"edges": [[0, 1], [0, 2], [0, 4], [0, 5], [0, 6], [0, 7], [0, 8], [0, 9], [0, 10], [0, 11], [0, 12], [1, 2], [1, 4], [1, 5], [1, 6], [1, 7], [1, 8], [1, 11], [1, 13], [2, 3], [2, 5], [2, 7], [2, 9], [2, 10], [2, 11], [2, 13], [3, 6], [3, 7], [3, 8], [3, 10], [3, 11], [3, 12], [3, 13], [4, 5], [4, 6], [4, 7], [4, 8], [4, 9], [4, 11], [4, 12], [5, 9], [5, 12], [5, 13], [6, 8], [6, 9], [6, 10], [6, 12], [6, 13], [7, 8], [7, 9], [7, 11], [7, 12], [7, 13], [8, 9], [8, 11], [8, 12], [8, 13], [9, 10], [9, 11], [9, 12], [10, 11], [10, 12], [10, 13]], "params": {"1": [0.2911148617642459, 0.2572838954170294], "2": [0.2453562933387586, 0.5011160778831082, 0.380316826798627, 0.2573136342986237], "3": [0.20621659019669458, 0.43363263341409863, 0.541109986927334, 0.4012771868565384, 0.3239647954513002, 0.18729881493500944], "4": [0.20038632165901155, 0.3745825627283365, 0.47201359831112244, 0.550944243103772, 0.4594007861163596, 0.3789673869462442, 0.2803550811225938, 0.19437228457943506], "5": [0.18998360448210494, 0.3508665981024342, 0.42704984069244645, 0.46587677365174884, 0.5606345320457292, 0.4751430643428399, 0.4071690565380646, 0.3125767036971764, 0.27669806687074205, 0.16191715950780272]}, "expectations": {"1": 35.110188134565014, "2": 37.05986432710248, "3": 38.10567491866453, "4": 38.88539264323589, "5": 39.49168036287168}, "alpha": {"1": 0.8359568603467861, "2": 0.8823777220738686, "3": 0.9072779742539174, "4": 0.9258426819818069, "5": 0.9402781038778972}, "true_obj": 42}