{"edges": [[0, 2], [0, 3], [0, 4], [0, 11], [0, 13], [1, 5], [1, 9], [1, 11], [1, 12], [2, 6], [2, 8], [2, 9], [2, 10], [2, 13], [3, 5], [3, 6], [3, 7], [3, 8], [3, 9], [3, 10], [3, 13], [4, 6], [4, 8], [4, 9], [4, 11], [4, 12], [5, 7], [5, 8], [5, 11], [5, 12], [6, 10], [6, 11], [7, 8], [7, 10], [8, 9], [8, 13], [9, 10], [10, 12], [10, 13]], "params": {"1": [0.41260471086955913, 0.3301572634170182], "2": [0.31019237328857674, 0.5758654198161496, 0.44582911234295164, 0.27895734927473076], "3": [0.2666666206272275, 0.5039181191461412, 0.6322751265484395, 0.48089429427928065, 0.364930141381183, 0.2038457736908993], "4": [0.23797258421052137, 0.46150597476938504, 0.5575860072015981, 0.6399172921153904, 0.5100668471291251, 0.4051573953945827, 0.2898445292754085, 0.16847442388513578], "5": [0.2183713806422205, 0.4296478217763576, 0.5074240135139906, 0.5686543311220806, 0.6607736098564069, 0.5248895243244437, 0.4246675639803967, 0.3259044116496545, 0.24878477071860572, 0.13771096398518515]}, "expectations": {"1": 23.50170342977807, "2": 25.423993651079044, "3": 26.424072760407597, "4": 27.044231840905777, "5": 27.46251136508738}, "alpha": {"1": 0.8104035665440713, "2": 0.876689436244105, "3": 0.9111749227726758, "4": 0.9325597186519233, "5": 0.9469831505202545}, "true_obj": 29}