{"edges": [[0, 2], [0, 3], [0, 6], [0, 8], [0, 9], [0, 10], [0, 13], [1, 5], [1, 6], [1, 7], [1, 8], [1, 10], [1, 11], [1, 12], [2, 3], [2, 8], [2, 9], [2, 12], [3, 4], [3, 8], [3, 9], [3, 13], [4, 5], [4, 7], [4, 8], [4, 10], [4, 11], [4, 13], [5, 6], [5, 7], [5, 8], [5, 9], [5, 10], [5, 11], [5, 13], [6, 7], [6, 9], [6, 10], [6, 12], [6, 13], [7, 13], [8, 9], [8, 12], [8, 13], [9, 11], [9, 13], [10, 11], [11, 13], [12, 13]], "params": {"1": [0.3480341805654899, 0.2871479387420726], "2": [0.2702500821464101, 0.5642325639260719, 0.39813115825861667, 0.2522939385439558], "3": [0.2307429511963905, 0.4725986604676275, 0.6083013305683589, 0.43162745180612283, 0.31761091401259767, 0.182733893787006], "4": [0.20526151050486907, 0.4250700861127267, 0.5116749125285527, 0.6420882890518405, 0.4562342175898541, 0.3510402883801432, 0.25130369474748515, 0.1568002055638854], "5": [0.19215220757396992, 0.39432801492854935, 0.45874389073993066, 0.5440284703672488, 0.6616004743307571, 0.4731333999755732, 0.3654050929603301, 0.2815932972464115, 0.22578027758590485, 0.13632068012798132]}, "expectations": {"1": 28.169076645619686, "2": 29.890157494683365, "3": 30.756615441772865, "4": 31.29974455280613, "5": 31.707139266832986}, "alpha": {"1": 0.8536083832005965, "2": 0.9057623483237384, "3": 0.9320186497506929, "4": 0.9484771076607917, "5": 0.9608224020252419}, "true_obj": 33}