{"edges": [[0, 1], [0, 3], [0, 4], [0, 5], [0, 6], [0, 7], [0, 8], [0, 9], [0, 12], [0, 13], [0, 15], [1, 2], [1, 3], [1, 4], [1, 5], [1, 6], [1, 7], [1, 8], [1, 9], [1, 10], [1, 11], [1, 12], [1, 13], [1, 14], [1, 15], [2, 3], [2, 4], [2, 6], [2, 9], [2, 11], [2, 12], [2, 14], [3, 4], [3, 5], [3, 6], [3, 7], [3, 8], [3, 10], [3, 11], [3, 12], [3, 13], [3, 14], [3, 15], [4, 5], [4, 6], [4, 7], [4, 9], [4, 10], [4, 11], [4, 12], [4, 13], [4, 14], [4, 15], [5, 8], [5, 9], [5, 10], [5, 11], [5, 12], [5, 13], [5, 14], [6, 7], [6, 8], [6, 9], [6, 10], [6, 11], [6, 12], [6, 13], [6, 15], [7, 8], [7, 9], [7, 11], [7, 13], [7, 15], [8, 9], [8, 10], [8, 12], [8, 13], [8, 14], [8, 15], [9, 11], [9, 12], [9, 14], [9, 15], [10, 11], [10, 12], [10, 15], [11, 12], [11, 15], [12, 14], [12, 15], [13, 15], [14, 15]], "params": {"1": [0.23909352270178683, 0.22517293887860695], "2": [0.22127136921119275, 0.4679490644167746, 0.35148701055723175, 0.23582365541499023], "3": [0.17304445805526555, 0.42373592908796354, 0.47418288216100124, 0.34228123044127795, 0.27724067668622604, 0.17758907879541183], "4": [0.14800410471275768, 0.3610204983143521, 0.38856702943180343, 0.5747054870684887, 0.3424123612260158, 0.25912327591785245, 0.22511527436302858, 0.1352531804419674], "5": [0.13822028376463663, 0.31078587013817704, 0.3400934187134683, 0.4594075793528398, 0.6107160023399266, 0.3617019815516473, 0.2533600177159824, 0.23649330023987022, 0.18699135081859636, 0.12692775162796735]}, "expectations": {"1": 49.85638805478407, "2": 51.771969115236004, "3": 52.834796468578084, "4": 53.4748530811355, "5": 53.92645445720604}, "alpha": {"1": 0.8902926438354298, "2": 0.9244994484863572, "3": 0.9434785083674658, "4": 0.9549080907345625, "5": 0.9629724010215365}, "true_obj": 56}