{"edges": [[0, 1], [0, 3], [0, 4], [0, 6], [0, 8], [0, 11], [0, 12], [0, 13], [1, 4], [1, 5], [1, 6], [1, 9], [1, 10], [1, 11], [1, 12], [1, 13], [1, 14], [1, 15], [2, 4], [2, 7], [2, 9], [2, 10], [2, 11], [2, 13], [3, 4], [3, 7], [3, 9], [3, 10], [3, 11], [3, 14], [3, 15], [4, 5], [4, 6], [4, 7], [4, 10], [4, 11], [4, 13], [4, 14], [4, 15], [5, 6], [5, 8], [5, 9], [5, 10], [5, 15], [6, 7], [6, 10], [6, 13], [6, 14], [7, 10], [7, 11], [8, 10], [8, 15], [9, 10], [9, 11], [9, 12], [9, 15], [10, 13], [10, 14], [10, 15], [11, 13], [12, 15], [13, 14], [14, 15]], "params": {"1": [0.32602845423659754, 0.27756464565088645], "2": [0.2529438385986797, 0.5319268814918776, 0.38209612528029874, 0.24577172023783325], "3": [0.21180942953446968, 0.4522963483007234, 0.5933910153811864, 0.4050155845561389, 0.29749694336643995, 0.17124445384797277], "4": [0.18499867619608995, 0.40329850924795074, 0.49209041615285715, 0.6396596301042505, 0.427423175422234, 0.3185246269778195, 0.22696020669116815, 0.14558738636342422], "5": [0.17222731086694962, 0.3669550589337584, 0.44112178666109286, 0.5328827546848778, 0.6469544033921292, 0.4530262203410919, 0.3356755449620776, 0.2519971659011142, 0.20320400101587413, 0.1260066617217991]}, "expectations": {"1": 35.691847462734295, "2": 37.71661727279749, "3": 38.67485053742933, "4": 39.24885868450444, "5": 39.64776873596683}, "alpha": {"1": 0.8705328649447389, "2": 0.9199174944584754, "3": 0.9432890374982763, "4": 0.9572892362074253, "5": 0.9670187496577275}, "true_obj": 41}