{"edges": [[0, 1], [0, 2], [0, 3], [0, 4], [0, 5], [0, 6], [0, 9], [0, 11], [0, 12], [0, 14], [1, 3], [1, 4], [1, 5], [1, 7], [1, 8], [1, 9], [1, 11], [2, 4], [2, 5], [2, 8], [2, 10], [2, 11], [2, 13], [3, 5], [3, 6], [3, 10], [3, 11], [3, 12], [3, 14], [3, 15], [4, 5], [4, 6], [4, 9], [4, 13], [4, 14], [4, 15], [5, 6], [5, 9], [5, 10], [5, 11], [5, 12], [5, 13], [5, 14], [6, 7], [6, 9], [6, 11], [6, 12], [6, 14], [6, 15], [7, 9], [7, 10], [7, 11], [8, 9], [8, 10], [8, 12], [8, 14], [8, 15], [9, 11], [10, 11], [10, 12], [10, 15], [11, 13], [11, 14], [11, 15], [12, 13], [13, 14], [14, 15]], "params": {"1": [0.31887044182382784, 0.2801130446161924], "2": [0.2508865295374087, 0.4768857077708958, 0.4013835956329353, 0.2782597228003449], "3": [0.2150537518898865, 0.4145151181461211, 0.540168477903114, 0.43266793241812423, 0.35591100414332294, 0.20381213134761433], "4": [0.19484712694277634, 0.3736559839467523, 0.45742141965202526, 0.5330221345006705, 0.46600306566973376, 0.3911304817138937, 0.29029472757572394, 0.187601215066554], "5": [0.18043479034925272, 0.34579151216605303, 0.4158236478289719, 0.46038800064950236, 0.5500651855151453, 0.48222418449897636, 0.40530918187063375, 0.31533678908213314, 0.26566375987331153, 0.1507796240608113]}, "expectations": {"1": 37.92105972558952, "2": 40.60196876119019, "3": 41.971209608262605, "4": 42.925437716796914, "5": 43.57673584292357}, "alpha": {"1": 0.8243708635997722, "2": 0.8826514948084825, "3": 0.9124176001796218, "4": 0.9331616894955851, "5": 0.9473203444113819}, "true_obj": 46}