{"edges": [[0, 1], [0, 4], [0, 5], [0, 6], [0, 7], [0, 8], [0, 9], [0, 10], [0, 13], [0, 14], [0, 15], [1, 2], [1, 3], [1, 4], [1, 5], [1, 7], [1, 8], [1, 9], [1, 10], [1, 11], [1, 12], [1, 13], [1, 14], [1, 15], [2, 3], [2, 4], [2, 5], [2, 6], [2, 8], [2, 9], [2, 12], [2, 13], [2, 15], [3, 6], [3, 9], [3, 10], [3, 11], [3, 13], [3, 14], [3, 15], [4, 5], [4, 6], [4, 7], [4, 9], [4, 10], [4, 11], [4, 12], [4, 14], [4, 15], [5, 8], [5, 9], [5, 10], [5, 11], [5, 12], [5, 13], [5, 14], [6, 7], [6, 8], [6, 9], [6, 10], [6, 12], [6, 13], [6, 14], [7, 8], [7, 9], [7, 11], [7, 12], [7, 13], [7, 14], [8, 9], [8, 13], [8, 14], [8, 15], [9, 11], [9, 12], [10, 13], [10, 14], [10, 15], [11, 12], [11, 13], [11, 15], [12, 13], [13, 15], [14, 15]], "params": {"1": [0.2656136083828268, 0.2463001051373867], "2": [0.22408542945883064, 0.4620596661758787, 0.3632659072692826, 0.25664006201385503], "3": [0.1877778123336841, 0.4016607283249569, 0.508638169091243, 0.3845150147369794, 0.30987910803728075, 0.17478068337113284], "4": [0.17164818147483152, 0.36015852700226, 0.44469854355459604, 0.5744577557406801, 0.4187332687919414, 0.33768716303283597, 0.23557305893252745, 0.15172444420821202], "5": [0.16301066541548817, 0.3294366745932126, 0.40865512923294045, 0.4778198047052216, 0.5687298658482671, 0.4450549662711236, 0.35951041408894796, 0.2631045021188156, 0.21271273835113136, 0.1317639830779492]}, "expectations": {"1": 46.195660628125474, "2": 48.63799060660993, "3": 49.78087413752485, "4": 50.471564496008305, "5": 50.971835574686224}, "alpha": {"1": 0.8716162382665184, "2": 0.9176979359737724, "3": 0.9392617761797141, "4": 0.9522936697360057, "5": 0.9617327466921929}, "true_obj": 53}