{"edges": [[0, 4], [0, 5], [0, 6], [0, 9], [0, 10], [0, 11], [0, 12], [1, 2], [1, 4], [1, 5], [1, 7], [1, 8], [1, 10], [1, 13], [1, 14], [1, 15], [2, 3], [2, 4], [2, 8], [2, 11], [2, 12], [2, 14], [2, 15], [3, 6], [3, 7], [3, 9], [3, 11], [3, 12], [3, 13], [3, 14], [4, 5], [4, 6], [4, 7], [4, 8], [4, 10], [4, 15], [5, 9], [5, 13], [5, 14], [5, 15], [6, 7], [6, 14], [6, 15], [7, 8], [7, 10], [7, 12], [7, 15], [8, 9], [8, 10], [8, 11], [8, 13], [8, 14], [8, 15], [9, 10], [9, 14], [9, 15], [10, 11], [11, 12], [12, 15], [13, 14], [14, 15]], "params": {"1": [0.3399156027977714, 0.294121914219418], "2": [0.25537129570053607, 0.5161206731302358, 0.39973713019115537, 0.2544524519245735], "3": [0.2176857300887833, 0.44089297006983524, 0.5862226159748862, 0.42930179643231436, 0.31786468864117606, 0.1785197341515766], "4": [0.19512888439508042, 0.4012486160156173, 0.49635226676850575, 0.6065975971444476, 0.4566513775002084, 0.35192453983166916, 0.2480050947068755, 0.15620607207568918], "5": [0.18245589327473913, 0.37252959723412604, 0.45153624830992645, 0.5185242501394599, 0.6160637670534275, 0.4764094031285316, 0.3690381146776522, 0.27938822800785124, 0.22339474500731038, 0.13041243477086342]}, "expectations": {"1": 35.03277203762221, "2": 37.20502043226705, "3": 38.22926221427136, "4": 38.86629432186337, "5": 39.32553564304023}, "alpha": {"1": 0.8544578545761514, "2": 0.9074395227382207, "3": 0.9324210296163746, "4": 0.9479583980942285, "5": 0.9591594059278106}, "true_obj": 41}