{"edges": [[0, 2], [0, 3], [0, 4], [0, 5], [0, 6], [0, 8], [0, 9], [0, 12], [0, 13], [0, 14], [0, 15], [1, 3], [1, 4], [1, 5], [1, 6], [1, 7], [1, 9], [1, 10], [1, 11], [1, 13], [1, 15], [2, 3], [2, 5], [2, 8], [2, 9], [2, 10], [2, 11], [2, 12], [2, 13], [2, 15], [3, 4], [3, 6], [3, 8], [3, 9], [3, 12], [3, 14], [4, 5], [4, 6], [4, 9], [4, 10], [4, 11], [4, 12], [4, 14], [4, 15], [5, 6], [5, 7], [5, 8], [5, 10], [5, 11], [5, 12], [5, 13], [5, 14], [6, 11], [6, 13], [6, 14], [6, 15], [7, 8], [7, 9], [7, 10], [7, 11], [7, 13], [7, 14], [8, 10], [8, 12], [8, 14], [9, 10], [9, 11], [9, 13], [9, 14], [9, 15], [10, 11], [10, 12], [10, 13], [10, 14], [11, 12], [11, 14], [11, 15], [12, 13], [12, 14], [13, 14], [13, 15]], "params": {"1": [0.27267651474170634, 0.2506146383616335], "2": [0.2263948901363479, 0.47792834447776095, 0.3626907433020782, 0.24944587097512128], "3": [0.18997707710222056, 0.41076736533338, 0.5269967757381553, 0.3857577747353011, 0.30218361076017, 0.17345264637950988], "4": [0.17345551910806534, 0.36841649987885655, 0.45242898905788415, 0.5825287801179366, 0.41814890686013073, 0.33133033725432437, 0.23418511175949766, 0.15317476105874414], "5": [0.16773373225057003, 0.34117345165702934, 0.4153633492708016, 0.48468495127956535, 0.5800603100780852, 0.4401942384492522, 0.353813596607586, 0.2633403636716329, 0.2165420680167599, 0.13648740009116833]}, "expectations": {"1": 44.71618512207927, "2": 47.016706489727696, "3": 48.11100801635975, "4": 48.794983506606194, "5": 49.324599831828195}, "alpha": {"1": 0.8599266369630628, "2": 0.9041674324947634, "3": 0.9252116926223029, "4": 0.9383650674347345, "5": 0.9485499967659268}, "true_obj": 52}