{"edges": [[0, 1], [0, 3], [0, 4], [0, 5], [0, 7], [0, 8], [0, 10], [0, 12], [0, 14], [0, 15], [1, 4], [1, 6], [1, 10], [1, 11], [1, 12], [1, 13], [1, 14], [2, 3], [2, 4], [2, 5], [2, 6], [2, 7], [2, 9], [2, 10], [2, 11], [2, 12], [2, 14], [2, 15], [3, 5], [3, 7], [3, 8], [3, 9], [3, 10], [3, 13], [3, 15], [4, 5], [4, 6], [4, 8], [4, 9], [4, 10], [4, 12], [4, 13], [4, 14], [4, 15], [5, 6], [5, 8], [5, 9], [5, 10], [5, 13], [5, 14], [5, 15], [6, 8], [6, 9], [6, 10], [6, 12], [6, 14], [6, 15], [7, 9], [7, 14], [7, 15], [8, 9], [8, 10], [8, 11], [8, 13], [9, 10], [9, 14], [9, 15], [10, 12], [11, 12], [11, 13], [11, 14], [12, 13], [12, 14], [13, 14], [14, 15]], "params": {"1": [0.28626240675673914, 0.25708370410060766], "2": [0.2342710030245824, 0.49527536781259185, 0.3713839289368613, 0.24556175067200686], "3": [0.19720878017361568, 0.4228091934510911, 0.5429820514393872, 0.3933764769935847, 0.3031075266126355, 0.1780071105833718], "4": [0.1748843728233645, 0.37563438962464035, 0.45111156707290717, 0.5728161726387969, 0.4242583510623736, 0.3285346029095744, 0.23761819980818072, 0.15621905124600066], "5": [0.1629897396775439, 0.3426620809649744, 0.41044499186415506, 0.47816019850376057, 0.5860392591632916, 0.4502968654517633, 0.3460011946348643, 0.2618515252364846, 0.21302818769342866, 0.12751356356239943]}, "expectations": {"1": 41.677576172429035, "2": 43.81197540633788, "3": 44.91116165793757, "4": 45.60027741920321, "5": 46.06491888323437}, "alpha": {"1": 0.8682828369256049, "2": 0.9127494876320391, "3": 0.9356492012070327, "4": 0.9500057795667335, "5": 0.9596858100673827}, "true_obj": 48}