{"edges": [[0, 1], [0, 3], [0, 10], [0, 11], [0, 12], [0, 13], [1, 2], [1, 4], [1, 7], [1, 8], [1, 9], [1, 13], [1, 14], [2, 3], [2, 4], [2, 5], [2, 7], [2, 8], [2, 10], [2, 13], [2, 14], [3, 4], [3, 5], [3, 9], [3, 10], [3, 12], [3, 13], [3, 14], [3, 15], [4, 5], [4, 8], [4, 10], [4, 11], [4, 12], [5, 7], [5, 9], [5, 14], [6, 7], [6, 9], [6, 11], [6, 15], [7, 8], [7, 10], [7, 14], [8, 10], [8, 12], [8, 13], [9, 13], [10, 11], [11, 13], [11, 14], [12, 13], [13, 14], [13, 15]], "params": {"1": [0.3691855561713511, 0.3083033310237435], "2": [0.27062996069213685, 0.5237765340089835, 0.41523035652225604, 0.2712652211409943], "3": [0.23062158115736744, 0.4495401731286618, 0.5875720060060621, 0.4482782902364866, 0.33989761864890267, 0.18753762849658975], "4": [0.2069264177025136, 0.41249252737751235, 0.5081907477872252, 0.6132859887489618, 0.47472366566024365, 0.37392707521643714, 0.26134483237276834, 0.1572379953825486], "5": [0.19372579528145312, 0.38209674827101253, 0.4587274679540323, 0.5288768458743971, 0.6264888107032922, 0.4925695026778248, 0.3938252761201346, 0.29621482899570073, 0.233356852028573, 0.13572172651594563]}, "expectations": {"1": 31.48805398320272, "2": 33.80912704621638, "3": 34.87308167056928, "4": 35.533017452034315, "5": 36.02373608096379}, "alpha": {"1": 0.8286329995579663, "2": 0.8897138696372732, "3": 0.9177126755412968, "4": 0.935079406632482, "5": 0.9479930547622051}, "true_obj": 38}