{"edges": [[0, 5], [0, 7], [0, 8], [0, 10], [0, 12], [0, 13], [0, 15], [0, 16], [1, 3], [1, 5], [1, 6], [1, 10], [1, 11], [1, 13], [1, 14], [2, 7], [2, 8], [2, 9], [2, 10], [2, 17], [3, 4], [3, 6], [3, 10], [3, 11], [3, 17], [4, 5], [4, 6], [4, 7], [4, 10], [4, 14], [4, 16], [5, 7], [5, 10], [5, 11], [5, 13], [5, 15], [5, 17], [6, 7], [6, 10], [6, 11], [6, 15], [6, 16], [7, 9], [7, 10], [7, 11], [7, 14], [8, 11], [8, 13], [8, 14], [9, 11], [9, 15], [9, 16], [9, 17], [10, 12], [10, 13], [10, 16], [11, 15], [11, 17], [12, 15], [12, 17], [13, 17], [14, 15], [14, 16], [14, 17], [16, 17]], "params": {"1": [0.3616779978630462, 0.32152020774933], "2": [0.26384590400831615, 0.47814238609818926, 0.43379215788860936, 0.28836153812866294], "3": [0.227525828607673, 0.41154109644808734, 0.530795001833401, 0.47209863692920523, 0.38276554555962905, 0.2243522064911308], "4": [0.2017841367533004, 0.3735590208300088, 0.4545666695991654, 0.5053048008422482, 0.5073693734194947, 0.422800770399623, 0.31838189002262673, 0.1911046694624369], "5": [0.18558004719293464, 0.3450743912001447, 0.4117232020772857, 0.4429770014001244, 0.5239067186274174, 0.5205293622250511, 0.4421646781056219, 0.34975342068398646, 0.27851341530685786, 0.15464536599223427]}, "expectations": {"1": 38.06611316136502, "2": 41.18770813639091, "3": 42.9393166412132, "4": 44.11456757050661, "5": 44.92423511955187}, "alpha": {"1": 0.7930440241951046, "2": 0.8580772528414773, "3": 0.8945690966919417, "4": 0.919053491052221, "5": 0.9359215649906639}, "true_obj": 48}