{"edges": [[0, 1], [0, 2], [0, 3], [0, 5], [0, 6], [0, 7], [0, 8], [0, 9], [0, 11], [0, 12], [0, 13], [0, 14], [0, 17], [1, 2], [1, 3], [1, 6], [1, 8], [1, 9], [1, 10], [1, 12], [1, 13], [1, 14], [1, 15], [1, 17], [2, 3], [2, 4], [2, 5], [2, 6], [2, 7], [2, 8], [2, 9], [2, 11], [2, 12], [2, 13], [2, 16], [3, 5], [3, 6], [3, 9], [3, 10], [3, 11], [3, 12], [3, 13], [3, 14], [3, 15], [3, 16], [3, 17], [4, 5], [4, 7], [4, 8], [4, 9], [4, 10], [4, 11], [4, 12], [4, 13], [4, 14], [4, 17], [5, 9], [5, 10], [5, 11], [5, 12], [5, 13], [5, 14], [5, 16], [5, 17], [6, 7], [6, 8], [6, 9], [6, 11], [6, 12], [6, 14], [6, 15], [6, 16], [6, 17], [7, 9], [7, 10], [7, 11], [7, 13], [7, 14], [7, 15], [7, 16], [8, 10], [8, 11], [8, 13], [8, 14], [8, 15], [8, 16], [9, 13], [9, 14], [9, 16], [10, 11], [10, 14], [10, 16], [10, 17], [11, 12], [11, 13], [11, 15], [11, 17], [12, 13], [12, 14], [12, 17], [13, 15], [13, 16], [13, 17], [14, 15], [14, 16], [14, 17], [15, 16], [15, 17], [16, 17]], "params": {"1": [0.24368031271628757, 0.23693953951373709], "2": [0.20845374904998817, 0.4192162722016817, 0.3523567972568401, 0.263117251095838], "3": [0.17486935925470173, 0.36545086525225984, 0.4627968070975414, 0.37708560962850196, 0.321900424661635, 0.18349197879565646], "4": [0.15898278415689351, 0.3211851264027547, 0.4003208582877649, 0.502613305801028, 0.4167958898457386, 0.34766093750876437, 0.24905860941792635, 0.16214442335298454], "5": [0.15000838183867818, 0.2942538526775436, 0.36884932519012575, 0.42442700725835625, 0.5158119390272411, 0.44043014988910195, 0.36817530361286166, 0.2732939246331847, 0.22301566149683769, 0.1306965132047578]}, "expectations": {"1": 59.316535976758715, "2": 62.468289635460984, "3": 63.9968791962113, "4": 64.91049985354798, "5": 65.54284658978678}, "alpha": {"1": 0.8723019996582164, "2": 0.9186513181685438, "3": 0.9411305764148721, "4": 0.954566174316882, "5": 0.9638653910262761}, "true_obj": 68}