{"edges": [[0, 2], [0, 3], [0, 4], [0, 5], [0, 6], [0, 8], [0, 9], [0, 12], [0, 13], [0, 14], [0, 15], [0, 17], [1, 3], [1, 4], [1, 5], [1, 6], [1, 7], [1, 9], [1, 10], [1, 11], [1, 13], [1, 15], [1, 16], [1, 17], [2, 3], [2, 5], [2, 8], [2, 9], [2, 10], [2, 11], [2, 12], [2, 13], [2, 15], [2, 16], [2, 17], [3, 4], [3, 6], [3, 8], [3, 9], [3, 12], [3, 14], [3, 16], [3, 17], [4, 5], [4, 6], [4, 9], [4, 10], [4, 11], [4, 12], [4, 14], [4, 15], [5, 6], [5, 7], [5, 8], [5, 10], [5, 11], [5, 12], [5, 13], [5, 14], [5, 16], [6, 11], [6, 13], [6, 14], [6, 15], [6, 16], [7, 8], [7, 9], [7, 10], [7, 11], [7, 13], [7, 14], [8, 10], [8, 12], [8, 14], [8, 16], [8, 17], [9, 10], [9, 11], [9, 13], [9, 14], [9, 15], [10, 11], [10, 12], [10, 13], [10, 14], [10, 16], [11, 12], [11, 14], [11, 15], [11, 17], [12, 13], [12, 14], [12, 16], [13, 14], [13, 15], [13, 16], [13, 17], [14, 17], [15, 17], [16, 17]], "params": {"1": [0.26157907720629625, 0.24941860170883404], "2": [0.21250428787265396, 0.4423977164180257, 0.35808824553488716, 0.25252358587415863], "3": [0.17774398983164097, 0.3797782538522167, 0.49811501971750805, 0.3840456589696055, 0.3061432879006649, 0.17415359713834222], "4": [0.16430289290736314, 0.3340412486139354, 0.42455924562459446, 0.5322435927799399, 0.42561122690402037, 0.34207909940279824, 0.24194576520127237, 0.16236630622882478], "5": [0.15961818599493324, 0.3108366919853359, 0.3843509157754393, 0.442418056192935, 0.5342855559351642, 0.4428628749100538, 0.36984355690886445, 0.2748324678951859, 0.23278198294569868, 0.14300903173914942]}, "expectations": {"1": 54.94064499294751, "2": 57.80697155637067, "3": 59.11745496043436, "4": 59.967623370255914, "5": 60.661612636523785}, "alpha": {"1": 0.8452406921991925, "2": 0.8893380239441642, "3": 0.9094993070836055, "4": 0.9225788210808602, "5": 0.9332555790234428}, "true_obj": 65}