{"edges": [[0, 1], [0, 3], [0, 10], [0, 11], [0, 12], [0, 13], [0, 16], [1, 2], [1, 4], [1, 7], [1, 8], [1, 9], [1, 13], [1, 14], [1, 16], [1, 17], [2, 3], [2, 4], [2, 5], [2, 7], [2, 8], [2, 10], [2, 13], [2, 14], [2, 17], [3, 4], [3, 5], [3, 9], [3, 10], [3, 12], [3, 13], [3, 14], [3, 15], [4, 5], [4, 8], [4, 10], [4, 11], [4, 12], [4, 16], [5, 7], [5, 9], [5, 14], [5, 17], [6, 7], [6, 9], [6, 11], [6, 15], [7, 8], [7, 10], [7, 14], [7, 17], [8, 10], [8, 12], [8, 13], [8, 17], [9, 13], [9, 16], [9, 17], [10, 11], [11, 13], [11, 14], [12, 13], [12, 17], [13, 14], [13, 15], [13, 16], [15, 16]], "params": {"1": [0.35126636128877176, 0.30490230689072334], "2": [0.2565349369610994, 0.49861022745648537, 0.4100735465224005, 0.26744221576127697], "3": [0.21919162583654145, 0.4257727328371474, 0.5599002082908078, 0.4438591539211343, 0.3401734518638569, 0.1929977513869983], "4": [0.1941018996972154, 0.38334868512124626, 0.47421365985519087, 0.5564433283394431, 0.4790807244669037, 0.3798600496433725, 0.270347962163389, 0.16625612554216002], "5": [0.18194021392243584, 0.35263546972882226, 0.4242274700980531, 0.47624696086419943, 0.5661962160175035, 0.4962371933390806, 0.4019528134400789, 0.3060131939662117, 0.24136726953514148, 0.13844379981337349]}, "expectations": {"1": 38.73693890113864, "2": 41.4205967655264, "3": 42.733522353353834, "4": 43.55661242789448, "5": 44.14287100334347}, "alpha": {"1": 0.8241901893859286, "2": 0.8812892928835404, "3": 0.9092238798585922, "4": 0.9267364346360527, "5": 0.9392100213477335}, "true_obj": 47}