{"edges": [[0, 2], [0, 3], [0, 4], [0, 5], [0, 6], [0, 8], [0, 11], [0, 13], [0, 14], [0, 15], [0, 16], [0, 17], [1, 2], [1, 3], [1, 4], [1, 6], [1, 7], [1, 9], [1, 10], [1, 12], [1, 13], [1, 14], [2, 3], [2, 4], [2, 5], [2, 6], [2, 8], [2, 10], [2, 11], [2, 14], [2, 15], [2, 16], [2, 17], [3, 4], [3, 5], [3, 7], [3, 8], [3, 10], [3, 11], [3, 12], [3, 13], [3, 14], [3, 16], [3, 17], [4, 5], [4, 6], [4, 8], [4, 9], [4, 10], [4, 11], [4, 12], [4, 13], [4, 14], [4, 15], [4, 16], [4, 17], [5, 7], [5, 8], [5, 9], [5, 10], [5, 12], [5, 14], [5, 15], [5, 16], [5, 17], [6, 7], [6, 8], [6, 11], [6, 12], [6, 14], [6, 15], [6, 17], [7, 8], [7, 9], [7, 10], [7, 11], [7, 12], [7, 13], [7, 14], [7, 15], [7, 17], [8, 9], [8, 10], [8, 11], [8, 13], [8, 14], [8, 15], [8, 17], [9, 10], [9, 11], [9, 12], [9, 13], [9, 16], [10, 12], [10, 13], [10, 14], [10, 15], [10, 17], [11, 12], [11, 13], [11, 16], [11, 17], [12, 13], [12, 14], [12, 15], [12, 16], [12, 17], [13, 16], [13, 17], [14, 15], [14, 16], [14, 17], [15, 16], [15, 17]], "params": {"1": [0.2306806638464218, 0.22553124167301306], "2": [0.20465158420311472, 0.43780475732679075, 0.3406129076463918, 0.23695989670360043], "3": [0.16790741717693608, 0.3870031202627027, 0.47328280093111125, 0.3537648479028189, 0.28944490047097426, 0.16996658323664351], "4": [0.1595087114931312, 0.33013522694698, 0.42899457680397046, 0.5370576421380361, 0.40564863489417413, 0.3235968891089941, 0.23365816052005312, 0.1580500775761776], "5": [0.15305246791419347, 0.3044626917842334, 0.3860268132380297, 0.44828522843076324, 0.5371364112753582, 0.4232918047984806, 0.3504876664303155, 0.257046937324137, 0.22076982322511904, 0.13785398501548424]}, "expectations": {"1": 61.596145156076865, "2": 64.11439158042207, "3": 65.41526281770581, "4": 66.2401842442842, "5": 66.89683622964603}, "alpha": {"1": 0.8675513402264348, "2": 0.9030195997242545, "3": 0.9213417298268424, "4": 0.9329603414687915, "5": 0.94220896098093}, "true_obj": 71}