{"edges": [[0, 1], [0, 2], [0, 3], [0, 6], [0, 7], [0, 9], [0, 11], [0, 13], [0, 16], [0, 17], [1, 2], [1, 3], [1, 6], [1, 7], [1, 8], [1, 9], [1, 11], [1, 12], [1, 14], [1, 17], [2, 3], [2, 5], [2, 11], [2, 12], [2, 14], [2, 16], [2, 17], [3, 4], [3, 6], [3, 9], [3, 10], [3, 11], [3, 13], [3, 14], [3, 17], [4, 6], [4, 8], [4, 10], [5, 6], [5, 7], [5, 9], [5, 13], [5, 14], [5, 15], [5, 17], [6, 10], [6, 12], [6, 13], [6, 14], [6, 15], [6, 16], [7, 8], [7, 11], [7, 15], [7, 16], [8, 9], [8, 10], [8, 12], [8, 13], [8, 14], [8, 15], [8, 16], [9, 13], [9, 14], [9, 16], [9, 17], [10, 11], [10, 13], [10, 14], [10, 15], [11, 13], [11, 15], [12, 15], [12, 16], [14, 15], [14, 16], [14, 17], [15, 16], [16, 17]], "params": {"1": [0.31150416529972463, 0.2828989350837538], "2": [0.23363222665239466, 0.47145140811320474, 0.38850389716266837, 0.2570543017283276], "3": [0.1999983943375393, 0.40400660143652817, 0.539527904913228, 0.418956204038803, 0.31972730953307027, 0.18023547486290575], "4": [0.18123945533217833, 0.3639345350468961, 0.4556620825835301, 0.5470735014173894, 0.45460498968638363, 0.35841271651348017, 0.25101498828733565, 0.16187616697729174], "5": [0.16938685195564376, 0.33603421665966887, 0.4085603436942042, 0.4628522487195506, 0.5481769911550107, 0.4704773013495722, 0.3771496705245086, 0.28130629966979837, 0.22579522122403517, 0.13519050532951474]}, "expectations": {"1": 44.656858980336125, "2": 47.337861954089824, "3": 48.59980007494481, "4": 49.43536657491089, "5": 50.04085339178739}, "alpha": {"1": 0.8425822449120024, "2": 0.8931672066809401, "3": 0.916977359904619, "4": 0.9327427655643563, "5": 0.9441670451280639}, "true_obj": 53}