{"edges": [[0, 1], [0, 3], [0, 4], [0, 6], [0, 8], [0, 11], [0, 12], [0, 13], [0, 17], [1, 4], [1, 5], [1, 6], [1, 9], [1, 10], [1, 11], [1, 12], [1, 13], [1, 14], [1, 15], [1, 16], [2, 4], [2, 7], [2, 9], [2, 10], [2, 11], [2, 13], [2, 16], [3, 4], [3, 7], [3, 9], [3, 10], [3, 11], [3, 14], [3, 15], [3, 16], [4, 5], [4, 6], [4, 7], [4, 10], [4, 11], [4, 13], [4, 14], [4, 15], [5, 6], [5, 8], [5, 9], [5, 10], [5, 15], [5, 16], [6, 7], [6, 10], [6, 13], [6, 14], [6, 17], [7, 10], [7, 11], [8, 10], [8, 15], [8, 16], [8, 17], [9, 10], [9, 11], [9, 12], [9, 15], [9, 17], [10, 13], [10, 14], [10, 15], [10, 16], [10, 17], [11, 13], [11, 16], [12, 15], [12, 16], [12, 17], [13, 14], [13, 16], [14, 15], [14, 16]], "params": {"1": [0.3129835425654531, 0.27991997322008777], "2": [0.23635423797455624, 0.4766761641500069, 0.386773040171024, 0.2562669635028032], "3": [0.1998504263267288, 0.40951714824089963, 0.5481296348414911, 0.4137985750121294, 0.316825511474093, 0.17822348651916553], "4": [0.1801741524190677, 0.36884758794465106, 0.4631125194142612, 0.5655565657223236, 0.4476480131068008, 0.35035513092497783, 0.24627393576126178, 0.15901600660641577], "5": [0.1708770052465792, 0.34088777301209366, 0.4190297762886091, 0.4759630485671881, 0.5696410936737338, 0.4667031730870705, 0.37048819010429485, 0.27647941917111213, 0.22417995733954368, 0.13571764695347327]}, "expectations": {"1": 44.569408530148344, "2": 47.233140925028934, "3": 48.47327501452859, "4": 49.26241647991653, "5": 49.858506053583866}, "alpha": {"1": 0.8409322364178933, "2": 0.891191338208093, "3": 0.914590094613747, "4": 0.9294795562248402, "5": 0.9407265293129031}, "true_obj": 53}