{"edges": [[0, 1], [0, 3], [0, 4], [0, 6], [0, 9], [0, 12], [0, 13], [0, 14], [0, 16], [1, 3], [1, 4], [1, 6], [1, 7], [1, 8], [1, 9], [1, 10], [1, 12], [1, 13], [1, 14], [1, 16], [2, 4], [2, 6], [2, 7], [2, 8], [2, 9], [2, 10], [2, 11], [2, 13], [2, 14], [2, 16], [2, 17], [3, 6], [3, 7], [3, 8], [3, 9], [3, 10], [3, 11], [3, 12], [3, 13], [3, 14], [3, 15], [3, 16], [3, 17], [4, 5], [4, 6], [4, 7], [4, 8], [4, 9], [4, 10], [4, 12], [4, 13], [4, 14], [4, 15], [4, 16], [4, 17], [5, 6], [5, 7], [5, 9], [5, 11], [5, 12], [5, 13], [5, 14], [5, 16], [5, 17], [6, 7], [6, 9], [6, 13], [6, 15], [6, 16], [6, 17], [7, 9], [7, 10], [7, 11], [7, 12], [7, 14], [7, 15], [7, 16], [7, 17], [8, 9], [8, 10], [8, 11], [8, 13], [8, 15], [8, 16], [9, 10], [9, 11], [9, 13], [9, 14], [9, 16], [9, 17], [10, 12], [10, 14], [10, 15], [10, 17], [11, 13], [11, 14], [11, 15], [11, 16], [12, 13], [12, 14], [12, 15], [12, 16], [13, 14], [13, 15], [13, 17], [14, 15], [14, 16], [14, 17], [16, 17]], "params": {"1": [0.24087234721449144, 0.23238056877337668], "2": [0.21013052662339773, 0.4318616627079256, 0.3477902764045948, 0.25400570301805303], "3": [0.17451529167674745, 0.378215414991667, 0.4754453046999719, 0.36989981367365427, 0.31021949650826686, 0.17687788137174906], "4": [0.1605668217948665, 0.3297868336417209, 0.41873571788584446, 0.52948002919955, 0.41188326649191825, 0.3380555165663017, 0.24101133576817943, 0.1575313835743936], "5": [0.15310194415097994, 0.3008423939634475, 0.3842691287494351, 0.44220992862089625, 0.5341713465847895, 0.436048506411535, 0.36172715348648765, 0.2658676363634422, 0.2192084109304478, 0.13190298482387663]}, "expectations": {"1": 59.17034976251797, "2": 62.0558213109463, "3": 63.44763921830659, "4": 64.2832784550239, "5": 64.89183022076071}, "alpha": {"1": 0.8701522023899702, "2": 0.9125856075139162, "3": 0.9330535179162734, "4": 0.9453423302209397, "5": 0.9542916208935398}, "true_obj": 68}