{"edges": [[0, 1], [0, 4], [0, 5], [0, 7], [0, 8], [0, 9], [0, 12], [0, 14], [0, 15], [0, 17], [1, 7], [1, 11], [1, 14], [1, 16], [1, 17], [2, 3], [2, 4], [2, 11], [2, 12], [2, 16], [3, 4], [3, 7], [3, 8], [3, 12], [4, 7], [4, 8], [4, 9], [4, 11], [4, 12], [4, 13], [4, 17], [5, 7], [5, 8], [5, 9], [5, 10], [5, 11], [5, 14], [5, 15], [6, 7], [6, 8], [6, 9], [6, 10], [6, 13], [6, 14], [6, 16], [7, 8], [7, 9], [7, 11], [8, 10], [8, 13], [8, 15], [8, 16], [8, 17], [9, 10], [9, 12], [9, 14], [9, 17], [10, 12], [10, 14], [10, 15], [10, 16], [10, 17], [11, 12], [11, 15], [11, 16], [11, 17], [12, 13], [12, 14], [12, 15], [12, 16], [13, 16], [13, 17], [14, 15], [14, 16], [15, 16]], "params": {"1": [0.32237188105359893, 0.28884128953327676], "2": [0.2388394781410072, 0.4934542115960491, 0.3871611889473622, 0.24820149367649672], "3": [0.20470239059921078, 0.4199247566090131, 0.5682957010868931, 0.4198452349828444, 0.31006585607425063, 0.17701559618032736], "4": [0.1884778726952067, 0.37616569942157374, 0.4762366539490324, 0.5711153751674135, 0.4593477726015884, 0.3571335428431315, 0.25517183791167575, 0.1696950236689], "5": [0.18139005660005555, 0.3505464808454526, 0.4267222199802307, 0.4771834825339331, 0.5706888116411818, 0.4751295032792373, 0.38664395615784525, 0.2955408813586385, 0.2501394887012275, 0.15185438509268032]}, "expectations": {"1": 42.665770924371635, "2": 45.12008855807896, "3": 46.29412033643991, "4": 47.119709360877415, "5": 47.81349342880622}, "alpha": {"1": 0.8365837436151301, "2": 0.884707618785862, "3": 0.9077278497341159, "4": 0.9239158698211258, "5": 0.9375194789962004}, "true_obj": 51}