{"edges": [[0, 1], [0, 2], [0, 3], [0, 4], [0, 5], [0, 6], [0, 7], [0, 8], [0, 9], [0, 11], [0, 12], [0, 14], [0, 15], [0, 16], [0, 17], [1, 2], [1, 3], [1, 6], [1, 7], [1, 8], [1, 9], [1, 10], [1, 11], [1, 12], [1, 15], [1, 16], [1, 17], [2, 3], [2, 4], [2, 10], [2, 11], [2, 12], [2, 14], [2, 17], [3, 4], [3, 6], [3, 7], [3, 8], [3, 9], [3, 11], [3, 12], [3, 13], [3, 14], [3, 15], [3, 16], [3, 17], [4, 6], [4, 7], [4, 8], [4, 10], [4, 13], [4, 15], [4, 17], [5, 6], [5, 8], [5, 9], [5, 10], [5, 12], [5, 13], [5, 14], [5, 15], [5, 17], [6, 7], [6, 8], [6, 11], [6, 12], [6, 14], [6, 15], [6, 17], [7, 9], [7, 11], [7, 13], [7, 14], [7, 16], [7, 17], [8, 10], [8, 11], [8, 14], [8, 15], [8, 16], [9, 11], [9, 12], [9, 17], [10, 11], [10, 13], [10, 14], [10, 15], [10, 17], [11, 12], [11, 15], [12, 13], [12, 15], [13, 15], [13, 17], [14, 16], [15, 16], [15, 17], [16, 17]], "params": {"1": [0.2650570443029258, 0.24915628453602495], "2": [0.217200639371445, 0.43268989622586457, 0.3675887726145084, 0.2609654521592552], "3": [0.18089009639612205, 0.377517638145093, 0.49371726277667993, 0.38996287453601536, 0.31708063978020007, 0.17401440454271816], "4": [0.16508092085762946, 0.33765898725309834, 0.4263124595231635, 0.5389067810621695, 0.42665046118418953, 0.34669289261376124, 0.24083203264582992, 0.1542253403554835], "5": [0.1591932415538365, 0.30880713999136816, 0.39098634767370316, 0.4478595721709499, 0.5414838915578164, 0.45074120454683614, 0.3726968056812563, 0.2723114334983255, 0.22372350130380816, 0.13540356979475257]}, "expectations": {"1": 53.85508165880184, "2": 56.84763462001078, "3": 58.162420532033536, "4": 58.96984206797705, "5": 59.59625144709206}, "alpha": {"1": 0.8548425660127277, "2": 0.9023434066668378, "3": 0.9232130243179927, "4": 0.9360292391742389, "5": 0.9459722451919375}, "true_obj": 63}