{"edges": [[0, 4], [0, 5], [0, 6], [0, 9], [0, 10], [0, 11], [0, 12], [0, 16], [1, 2], [1, 4], [1, 5], [1, 7], [1, 8], [1, 10], [1, 13], [1, 14], [1, 15], [2, 3], [2, 4], [2, 8], [2, 11], [2, 12], [2, 14], [2, 15], [3, 6], [3, 7], [3, 9], [3, 11], [3, 12], [3, 13], [3, 14], [3, 16], [4, 5], [4, 6], [4, 7], [4, 8], [4, 10], [4, 15], [4, 16], [5, 9], [5, 13], [5, 14], [5, 15], [5, 16], [6, 7], [6, 14], [6, 15], [7, 8], [7, 10], [7, 12], [7, 15], [8, 9], [8, 10], [8, 11], [8, 13], [8, 14], [8, 15], [9, 10], [9, 14], [9, 15], [9, 16], [10, 11], [11, 12], [11, 16], [12, 15], [12, 16], [13, 14], [13, 16], [13, 17], [14, 15], [14, 16], [14, 17], [15, 16], [15, 17]], "params": {"1": [0.32465982447113834, 0.28991206790024643], "2": [0.2448237533613475, 0.4906776314717347, 0.3933380968569265, 0.2591758806681981], "3": [0.2083087707773924, 0.41660503428271556, 0.5549031147840155, 0.42768921078560285, 0.32854428635598204, 0.19092825543902572], "4": [0.1885673360953852, 0.3726842324653471, 0.46212992387209234, 0.5525965034401532, 0.4635612443186196, 0.36946426712607305, 0.2697303980496373, 0.17530749806265755], "5": [0.17608563374453864, 0.34455665184621986, 0.415030359094561, 0.46729012045105667, 0.5734165540564341, 0.479556314807904, 0.3872063263132313, 0.29920677750459995, 0.24883917398244482, 0.14452003543578218]}, "expectations": {"1": 42.13721719755659, "2": 44.79217565055287, "3": 46.115267125126046, "4": 47.015740708008686, "5": 47.6671464102087}, "alpha": {"1": 0.8262199450501292, "2": 0.8782779539324093, "3": 0.9042209240220793, "4": 0.9218772687844841, "5": 0.9346499296119353}, "true_obj": 51}