{"edges": [[0, 2], [0, 3], [0, 6], [0, 8], [0, 9], [0, 10], [0, 13], [0, 16], [0, 17], [1, 5], [1, 6], [1, 7], [1, 8], [1, 10], [1, 11], [1, 12], [1, 14], [1, 16], [1, 17], [2, 3], [2, 8], [2, 9], [2, 12], [2, 14], [2, 15], [2, 17], [3, 4], [3, 8], [3, 9], [3, 13], [3, 14], [3, 15], [4, 5], [4, 7], [4, 8], [4, 10], [4, 11], [4, 13], [4, 17], [5, 6], [5, 7], [5, 8], [5, 9], [5, 10], [5, 11], [5, 13], [5, 14], [5, 15], [5, 16], [5, 17], [6, 7], [6, 9], [6, 10], [6, 12], [6, 13], [6, 14], [6, 16], [7, 13], [7, 14], [7, 17], [8, 9], [8, 12], [8, 13], [8, 14], [8, 15], [8, 16], [9, 11], [9, 13], [9, 15], [9, 17], [10, 11], [10, 14], [11, 13], [11, 14], [11, 15], [11, 16], [12, 13], [12, 15], [12, 17], [13, 15], [13, 17], [14, 15], [15, 16]], "params": {"1": [0.30286732441937214, 0.277302488380199], "2": [0.23173780806027008, 0.4589228731764211, 0.3889115848948127, 0.26455637934376036], "3": [0.19500448537222476, 0.39090256753695957, 0.5152667342801242, 0.4219494603934204, 0.33278896941592867, 0.18929622127483453], "4": [0.1786412941148101, 0.34715912013914146, 0.4356906448943703, 0.5179746124405799, 0.4636870184668662, 0.37704438588582984, 0.2714002041074675, 0.17344021200552798], "5": [0.16972162480765665, 0.3231731220630564, 0.39147354500840015, 0.4399335680238911, 0.5348116938320103, 0.47595482051614757, 0.39977313387411784, 0.305329147440521, 0.2516017053673762, 0.14755383964820967]}, "expectations": {"1": 46.66317824391728, "2": 49.5707773580701, "3": 50.94555209559041, "4": 51.87757597924126, "5": 52.60583846971874}, "alpha": {"1": 0.8332710400699515, "2": 0.8851924528226804, "3": 0.9097420017069716, "4": 0.9263852853435939, "5": 0.939389972673549}, "true_obj": 56}