{"edges": [[0, 1], [0, 2], [0, 4], [0, 5], [0, 6], [0, 8], [0, 10], [0, 11], [0, 12], [0, 13], [0, 14], [0, 16], [0, 17], [1, 2], [1, 3], [1, 5], [1, 6], [1, 7], [1, 8], [1, 9], [1, 10], [1, 11], [1, 12], [1, 14], [1, 16], [1, 17], [2, 3], [2, 4], [2, 5], [2, 6], [2, 7], [2, 8], [2, 9], [2, 10], [2, 11], [2, 12], [2, 14], [2, 15], [2, 17], [3, 4], [3, 5], [3, 6], [3, 7], [3, 8], [3, 11], [3, 12], [3, 14], [3, 15], [3, 16], [3, 17], [4, 5], [4, 6], [4, 7], [4, 8], [4, 9], [4, 10], [4, 11], [4, 12], [4, 13], [4, 14], [4, 15], [4, 16], [5, 6], [5, 7], [5, 8], [5, 10], [5, 11], [5, 12], [5, 14], [5, 15], [5, 16], [5, 17], [6, 7], [6, 8], [6, 9], [6, 10], [6, 11], [6, 14], [6, 15], [6, 16], [6, 17], [7, 8], [7, 9], [7, 10], [7, 11], [7, 12], [7, 14], [7, 15], [7, 16], [7, 17], [8, 9], [8, 10], [8, 12], [8, 13], [8, 14], [8, 15], [8, 16], [9, 11], [9, 12], [9, 13], [9, 15], [9, 16], [10, 11], [10, 12], [10, 13], [10, 14], [10, 15], [10, 17], [11, 12], [11, 14], [11, 15], [11, 17], [12, 13], [12, 14], [12, 15], [12, 16], [13, 14], [13, 15], [13, 16], [13, 17], [14, 15], [14, 16], [16, 17]], "params": {"1": [0.21347648685596182, 0.21280009547494144], "2": [0.1995954346869371, 0.4275455055696942, 0.33556584520235755, 0.22723709365252812], "3": [0.15778648409209942, 0.3966546241800888, 0.4330457956944215, 0.3252780046690971, 0.2726249965792601, 0.17555678185903265], "4": [0.1327073605398781, 0.3387718901214135, 0.35636088824873374, 0.5373386881785107, 0.3226027814254647, 0.24798357626931167, 0.22216619820988548, 0.12885481475320376], "5": [0.12202522996195597, 0.283836210668993, 0.31136144067712546, 0.4214705317350472, 0.578711445260329, 0.3423505516845386, 0.2354737095428354, 0.2282100515186199, 0.17459389786534166, 0.11623894399792552]}, "expectations": {"1": 65.90015077757619, "2": 68.11397504135185, "3": 69.39912421692645, "4": 70.12245934071359, "5": 70.5858971672934}, "alpha": {"1": 0.9027417914736464, "2": 0.9330681512513952, "3": 0.9506729344784446, "4": 0.9605816348042957, "5": 0.9669300981821013}, "true_obj": 73}