{"edges": [[0, 1], [0, 2], [0, 3], [0, 5], [0, 6], [0, 8], [0, 9], [0, 10], [0, 11], [0, 12], [0, 13], [0, 14], [0, 15], [0, 16], [0, 17], [1, 2], [1, 3], [1, 4], [1, 5], [1, 6], [1, 7], [1, 9], [1, 11], [1, 12], [1, 13], [1, 14], [1, 15], [1, 16], [1, 17], [2, 3], [2, 5], [2, 8], [2, 9], [2, 10], [2, 11], [2, 13], [2, 14], [2, 15], [2, 16], [2, 17], [3, 4], [3, 5], [3, 6], [3, 7], [3, 9], [3, 10], [3, 11], [3, 16], [3, 17], [4, 5], [4, 7], [4, 8], [4, 13], [4, 14], [4, 15], [4, 16], [4, 17], [5, 6], [5, 7], [5, 8], [5, 9], [5, 10], [5, 11], [5, 12], [5, 13], [5, 15], [5, 16], [5, 17], [6, 7], [6, 8], [6, 11], [6, 12], [6, 13], [6, 14], [6, 16], [7, 8], [7, 9], [7, 10], [7, 11], [7, 12], [7, 13], [7, 14], [7, 15], [7, 16], [8, 9], [8, 10], [8, 11], [8, 12], [8, 13], [8, 15], [8, 16], [9, 10], [9, 11], [9, 12], [9, 13], [9, 14], [9, 15], [9, 17], [10, 11], [10, 12], [10, 13], [10, 14], [10, 15], [10, 17], [11, 12], [11, 13], [11, 14], [11, 15], [11, 16], [11, 17], [12, 13], [12, 15], [12, 16], [12, 17], [13, 16], [13, 17], [14, 16], [15, 16], [16, 17]], "params": {"1": [0.22156140827852625, 0.2189273331804811], "2": [0.2042711003272652, 0.4056961930394616, 0.347747008228952, 0.25272664865724387], "3": [0.1726698565208223, 0.359766793317999, 0.43592331400328416, 0.3699847879643577, 0.33557137741938753, 0.19041120460368746], "4": [0.1649933675043909, 0.30456515292345315, 0.38452075290811355, 0.4520253753868264, 0.41477652202252907, 0.37070913210549544, 0.28738297128443246, 0.19253260058281887], "5": [0.15670498910379008, 0.28642600722298267, 0.33738832695957205, 0.3869646231127699, 0.44548675491058126, 0.4250328526290168, 0.4087049230331571, 0.31961740428252444, 0.2909738265095403, 0.17944921239748035]}, "expectations": {"1": 64.00099826462619, "2": 66.7969632834948, "3": 68.45907208613922, "4": 69.72952108072144, "5": 70.83601487721963}, "alpha": {"1": 0.8533466435283492, "2": 0.8906261771132641, "3": 0.9127876278151895, "4": 0.9297269477429525, "5": 0.9444801983629283}, "true_obj": 75}