{"edges": [[0, 1], [0, 3], [0, 4], [0, 5], [0, 6], [0, 7], [0, 8], [0, 9], [0, 12], [0, 13], [0, 15], [0, 16], [0, 17], [1, 2], [1, 3], [1, 4], [1, 5], [1, 6], [1, 7], [1, 8], [1, 9], [1, 10], [1, 11], [1, 12], [1, 13], [1, 14], [1, 15], [1, 16], [1, 17], [2, 3], [2, 4], [2, 6], [2, 9], [2, 11], [2, 12], [2, 14], [2, 16], [2, 17], [3, 4], [3, 5], [3, 6], [3, 7], [3, 8], [3, 10], [3, 11], [3, 12], [3, 13], [3, 14], [3, 15], [3, 16], [3, 17], [4, 5], [4, 6], [4, 7], [4, 9], [4, 10], [4, 11], [4, 12], [4, 13], [4, 14], [4, 15], [4, 16], [4, 17], [5, 8], [5, 9], [5, 10], [5, 11], [5, 12], [5, 13], [5, 14], [5, 16], [5, 17], [6, 7], [6, 8], [6, 9], [6, 10], [6, 11], [6, 12], [6, 13], [6, 15], [6, 16], [7, 8], [7, 9], [7, 11], [7, 13], [7, 15], [7, 16], [7, 17], [8, 9], [8, 10], [8, 12], [8, 13], [8, 14], [8, 15], [8, 16], [8, 17], [9, 11], [9, 12], [9, 14], [9, 15], [9, 17], [10, 11], [10, 12], [10, 15], [10, 16], [11, 12], [11, 15], [11, 16], [12, 14], [12, 15], [12, 16], [12, 17], [13, 15], [14, 15], [14, 16], [14, 17], [15, 16], [15, 17], [16, 17]], "params": {"1": [0.21883416417676443, 0.21555437699253438], "2": [0.20397386205640056, 0.43386362411085005, 0.3378097992675035, 0.23098998292700326], "3": [0.16149347744618545, 0.39983247289976764, 0.44187333480727864, 0.33329775718701143, 0.2815481841638917, 0.1776561260021965], "4": [0.15984546186662799, 0.33329773302940086, 0.4377241392147697, 0.5385109452228903, 0.3985650454401895, 0.3195680970360885, 0.23176878520279268, 0.15286521893040514], "5": [0.15355310015662407, 0.30781199807054654, 0.40218287675429404, 0.4564935650091576, 0.5555464228983449, 0.41561977727759714, 0.3386434624935485, 0.24667153500086383, 0.20242514777698112, 0.1265906463198487]}, "expectations": {"1": 63.89035293285456, "2": 66.16937107560345, "3": 67.47016748072956, "4": 68.2517816249344, "5": 68.84781332703595}, "alpha": {"1": 0.8873660129563133, "2": 0.9190190427167146, "3": 0.9370856594545772, "4": 0.9479414114574222, "5": 0.956219629542166}, "true_obj": 72}