{"edges": [[0, 1], [0, 3], [0, 4], [0, 7], [1, 2], [1, 4], [2, 7], [3, 4], [3, 5], [4, 5], [4, 6], [4, 7], [6, 7]], "params": {"1": [0.540479813998083, 0.335229969605546], "2": [0.41676261346791516, 0.8205272689376056, 0.4591287466747027, 0.26874835351545046], "3": [0.36022282673127864, 0.6946832661051107, 0.8217812576577249, 0.4993284814334444, 0.35676225354536606, 0.20258454655675795], "4": [0.32072501432164857, 0.6236393838384785, 0.7114748021281921, 0.8515938503382753, 0.5080703731224385, 0.3996782329982157, 0.30081362589713845, 0.1759441640976791], "5": [0.28868248887943504, 0.5628114320787919, 0.622616069490198, 0.7655448173493294, 0.8772681622478711, 0.5101049027430583, 0.38098191728336245, 0.33821216074055216, 0.27048147042377874, 0.14370662638892573]}, "expectations": {"1": 8.27301634292047, "2": 8.996370975971669, "3": 9.384328044216959, "4": 9.624592049804985, "5": 9.7731312561001}, "alpha": {"1": 0.8273016342920471, "2": 0.8996370975971668, "3": 0.9384328044216959, "4": 0.9624592049804985, "5": 0.97731312561001}, "true_obj": 10}