{"edges": [[0, 3], [0, 6], [0, 7], [1, 6], [1, 7], [2, 4], [2, 5], [2, 7], [3, 5], [3, 6], [3, 7], [4, 6], [4, 7], [5, 6], [6, 7]], "params": {"1": [0.49083945689937436, 0.32016530804971843], "2": [0.3898964515331159, 0.7825345871360146, 0.43634186349912923, 0.2623522275946231], "3": [0.32611847776355424, 0.6730989977604112, 0.820061483767362, 0.47174963764707406, 0.32819140144200676, 0.1852295608099008], "4": [0.28338583254984717, 0.5604562869473764, 0.6610627638981369, 0.8742150663474538, 0.46650632475805476, 0.3317661835061354, 0.25261778447638705, 0.15225340588241298], "5": [0.2629948261007716, 0.5111861286134187, 0.596770854869383, 0.8133124213644182, 0.960757755844971, 0.48724956185827023, 0.33255828008957766, 0.28094531806038764, 0.2179314474347066, 0.11203884492014876]}, "expectations": {"1": 9.277431325657412, "2": 10.030502095031169, "3": 10.39811298557465, "4": 10.627888631662088, "5": 10.751179877094328}, "alpha": {"1": 0.8434028477870374, "2": 0.9118638268210154, "3": 0.9452829986886045, "4": 0.9661716937874626, "5": 0.9773799888267571}, "true_obj": 11}