{"edges": [[0, 1], [0, 3], [0, 4], [0, 5], [1, 2], [1, 3], [1, 5], [1, 7], [2, 5], [2, 6], [2, 7], [3, 4], [3, 5], [3, 7], [4, 5], [4, 6], [6, 7]], "params": {"1": [0.45232220077105734, 0.3066621814012093], "2": [0.3518116940547941, 0.7914158983061702, 0.4007229850264393, 0.2200859511719043], "3": [0.29923106495528273, 0.6450610294830408, 0.8389328103806984, 0.4339943820456622, 0.2757322513209253, 0.15827876110126682], "4": [0.293769711612644, 0.6010398111853087, 0.7653647190031624, 1.0340513029684948, 0.4272506138790784, 0.28834657078635, 0.21160514244682677, 0.13091077448560312], "5": [0.29281180756339725, 0.6292613490880251, 0.8421258047415916, 1.0614881039385464, 1.172545293235738, 0.44359129191446534, 0.2863044538187603, 0.2378892427177022, 0.213060342345074, 0.16662739164131027]}, "expectations": {"1": 10.337018495942223, "2": 10.949193198480126, "3": 11.24693062382937, "4": 11.449729486452554, "5": 11.64194288089119}, "alpha": {"1": 0.8614182079951852, "2": 0.9124327665400105, "3": 0.9372442186524474, "4": 0.9541441238710462, "5": 0.9701619067409325}, "true_obj": 12}