{"edges": [[0, 1], [0, 3], [0, 4], [0, 6], [1, 4], [1, 5], [1, 6], [2, 4], [2, 7], [3, 4], [3, 7], [4, 5], [4, 6], [4, 7], [5, 6], [6, 7]], "params": {"1": [0.461434222130605, 0.30388926551219964], "2": [0.3650982877883046, 0.816048745441504, 0.4074671690299947, 0.23346532145251], "3": [0.31799853208283163, 0.648363052114096, 0.7882206778525, 0.43235497246474114, 0.2961887068762391, 0.19489357164220664], "4": [0.29111715501486607, 0.5730801564969331, 0.6607975179351132, 0.8613305401804234, 0.44754906523658994, 0.31539598163955135, 0.26322016984928737, 0.16518715426602118], "5": [0.27175694300332426, 0.5531110553023119, 0.5807519361625668, 0.7157258651786952, 0.8749372441764672, 0.4691203349328957, 0.3367144409264893, 0.2799671911859787, 0.23506338087711753, 0.1484265718159384]}, "expectations": {"1": 9.70638598267689, "2": 10.33581255381753, "3": 10.741483088270725, "4": 10.995487562395814, "5": 11.185154775669702}, "alpha": {"1": 0.8088654985564075, "2": 0.8613177128181274, "3": 0.8951235906892271, "4": 0.9162906301996512, "5": 0.9320962313058084}, "true_obj": 12}