{"edges": [[0, 1], [0, 2], [0, 3], [0, 4], [0, 5], [1, 2], [1, 3], [1, 4], [1, 5], [2, 3], [2, 4], [2, 6], [2, 7], [3, 5], [4, 5], [4, 6], [4, 7], [5, 6], [5, 7], [6, 7]], "params": {"1": [0.39682513229959193, 0.28374948583923826], "2": [0.3565598688305113, 0.7596332003853347, 0.39332258553242755, 0.23964160850281951], "3": [0.2819618697226741, 0.614381507552639, 0.7081832154101096, 0.4021349031477063, 0.27869280595443546, 0.19927905341063937], "4": [0.2578329243021953, 0.5266428682610859, 0.5937629986801004, 0.7649046544153577, 0.43235134609056514, 0.30366160924729774, 0.24513755012621255, 0.15976449357897365], "5": [0.23710324479468137, 0.4872452053326924, 0.5104244135907183, 0.6155426077786302, 0.7348726998444359, 0.4384135453446582, 0.3166010771758578, 0.25943506855000603, 0.20562019925987823, 0.13799893285280496]}, "expectations": {"1": 11.765343235527002, "2": 12.447267782610233, "3": 12.90037432378246, "4": 13.152436028654376, "5": 13.320444530968798}, "alpha": {"1": 0.8403816596805002, "2": 0.8890905559007309, "3": 0.9214553088416043, "4": 0.9394597163324555, "5": 0.9514603236406284}, "true_obj": 14}