{"edges": [[0, 2], [0, 3], [0, 4], [0, 6], [1, 2], [1, 3], [1, 6], [1, 7], [2, 4], [2, 5], [3, 5], [3, 6], [3, 7], [4, 5], [4, 6], [4, 7], [5, 6], [6, 7]], "params": {"1": [0.4465979444270509, 0.3137925762356143], "2": [0.39209771242541697, 0.6914664000662694, 0.4610560054635671, 0.310245848221627], "3": [0.3309056714019762, 0.6241732638675657, 0.720934344485828, 0.48044924787608345, 0.3976558956352083, 0.22081201757143756], "4": [0.2743577121707109, 0.5557288733934048, 0.6190991051409448, 0.7560339372934628, 0.4835941246545318, 0.4075705219121994, 0.31499844972810126, 0.17928441732419473], "5": [0.2881916626202515, 0.5461940855142197, 0.6120796845379777, 0.6945495690126823, 0.801831409344226, 0.5297993352870157, 0.45155916067734597, 0.3656483175160386, 0.29709574527689575, 0.17695795894009658]}, "expectations": {"1": 10.948139378859384, "2": 12.094114427422769, "3": 12.702099355970036, "4": 13.023857373178595, "5": 13.297473467458213}, "alpha": {"1": 0.7820099556328132, "2": 0.8638653162444835, "3": 0.9072928111407169, "4": 0.930275526655614, "5": 0.9498195333898724}, "true_obj": 14}