{"edges": [[0, 3], [0, 6], [1, 7], [2, 3], [2, 4], [2, 5], [3, 5], [3, 7], [4, 6], [4, 7], [5, 7]], "params": {"1": [0.6059954535035658, 0.3606370352604841], "2": [0.46993536728547, 0.8658164012002194, 0.4731608376436798, 0.2719987329376644], "3": [0.4186633814857316, 0.7899645378626543, 0.9269748795413498, 0.5228532582980727, 0.3746509112829702, 0.20226128717341774], "4": [0.37865043461218234, 0.7374928028166325, 0.8578518314556016, 0.9298700143943652, 0.5472456475764053, 0.42365669029537006, 0.3118901987479932, 0.1762315877377278], "5": [0.32765788290336506, 0.6644890582273918, 0.7762313335263324, 0.8742413925043313, 0.9446535133438645, 0.5470752315192501, 0.4314531569333808, 0.3464371511025773, 0.2655856952816896, 0.1268384300774366]}, "expectations": {"1": 7.354407187180259, "2": 8.099566541477285, "3": 8.485655279132073, "4": 8.748035467783282, "5": 8.882870105034351}, "alpha": {"1": 0.8171563541311399, "2": 0.8999518379419206, "3": 0.9428505865702304, "4": 0.9720039408648091, "5": 0.986985567226039}, "true_obj": 9}