{"edges": [[0, 5], [0, 7], [1, 3], [1, 5], [1, 6], [2, 7], [3, 4], [3, 6], [4, 5], [4, 6], [4, 7], [5, 7], [6, 7]], "params": {"1": [0.5217780848145354, 0.3318967765549813], "2": [0.4430550767354805, 0.8393702714314585, 0.44556483585323264, 0.2683644600015709], "3": [0.37681331587611955, 0.7329264418643523, 0.8243165922781774, 0.4739626750189054, 0.3365959333574195, 0.20406502155706982], "4": [0.323420189971277, 0.6543284297046329, 0.7459303221669195, 0.8689754779938997, 0.49249656655122553, 0.364322323488809, 0.2703228007515336, 0.150669857596009], "5": [0.2855241028903182, 0.5992665077363888, 0.6882995062116799, 0.8060291895369531, 0.9286903795166364, 0.5205592757672769, 0.38420549602298226, 0.30277915250975124, 0.2189349436741125, 0.11328614377337877]}, "expectations": {"1": 8.243332321680311, "2": 9.000043513724533, "3": 9.439232848989384, "4": 9.650554459422125, "5": 9.765152110930309}, "alpha": {"1": 0.8243332321680311, "2": 0.9000043513724533, "3": 0.9439232848989384, "4": 0.9650554459422125, "5": 0.9765152110930309}, "true_obj": 10}