{"edges": [[0, 1], [0, 5], [1, 2], [1, 3], [1, 4], [1, 5], [1, 6], [1, 7], [2, 4], [2, 6], [3, 4], [3, 5], [3, 6], [3, 7], [4, 5], [4, 6], [4, 7], [5, 7], [6, 7]], "params": {"1": [0.3966048832333169, 0.27613171212863197], "2": [0.3217896315091353, 0.8587571426981102, 0.3440871052671194, 0.18436377038052693], "3": [0.25171127147086164, 0.6424864210241094, 0.8478219528268081, 0.38191064271320546, 0.22628882163453046, 0.15745963412769823], "4": [0.2688436146543326, 0.5171957928032137, 0.6982131688838913, 1.0341751972714661, 0.4125431663281432, 0.24838146856684262, 0.200486654924044, 0.1419927927287343], "5": [0.24022684622043583, 0.5063529637563259, 0.570239210990175, 0.8261087198419228, 1.0506745259563979, 0.41295113559353464, 0.275854520782842, 0.22525926143505345, 0.1772115747363644, 0.12628935686552412]}, "expectations": {"1": 11.11809518376082, "2": 11.618203653511927, "3": 11.914689296952005, "4": 12.153931816603546, "5": 12.305254807832236}, "alpha": {"1": 0.8552380910585247, "2": 0.8937079733470713, "3": 0.9165145613040004, "4": 0.9349178320464266, "5": 0.9465580621409413}, "true_obj": 13}