{"edges": [[0, 3], [0, 4], [0, 5], [0, 7], [1, 3], [1, 7], [2, 5], [3, 4], [4, 5], [4, 6], [4, 7], [5, 6]], "params": {"1": [0.5628942180488231, 0.34117460126946986], "2": [0.46574396341295926, 0.8550646838154693, 0.47897976652733865, 0.3004815802502546], "3": [0.39322802094367587, 0.7254292286594565, 0.8245232751085552, 0.496758239333641, 0.3884386362823211, 0.23229427467897848], "4": [0.3438483304898639, 0.6634969342548158, 0.7261602977346815, 0.8823215331953618, 0.5217097980605865, 0.4185298334792622, 0.34025476590784964, 0.1985887695399838], "5": [0.3104964078472456, 0.610198168711002, 0.6728293807395433, 0.7942983003703608, 0.921817584947138, 0.533309755100774, 0.43221750306184864, 0.3750459178728913, 0.30779860802581754, 0.1622280966207522]}, "expectations": {"1": 7.7421401578616935, "2": 8.623623971669659, "3": 9.142899965117726, "4": 9.437302470779544, "5": 9.609460922115334}, "alpha": {"1": 0.7742140157861693, "2": 0.8623623971669658, "3": 0.9142899965117726, "4": 0.9437302470779544, "5": 0.9609460922115334}, "true_obj": 10}