{"edges": [[0, 1], [0, 2], [0, 3], [0, 4], [0, 6], [1, 3], [1, 4], [1, 6], [2, 3], [2, 4], [2, 5], [2, 6], [3, 4], [3, 5], [3, 7], [4, 5], [4, 7]], "params": {"1": [0.43975191485690635, 0.2981001857464975], "2": [0.37789544656709634, 0.766476404620401, 0.42729556732426954, 0.25976152930629953], "3": [0.3143421230809529, 0.6548905656652967, 0.7363127057293978, 0.44732925238998567, 0.3538708212424686, 0.22133306517708934], "4": [0.3158357615811159, 0.5765887106902987, 0.6410150016939143, 0.7814065914043701, 0.47177763313443877, 0.37754061363874164, 0.3225247640451273, 0.22549174728523488], "5": [0.2757940576096129, 0.5281209002017188, 0.5457939082233157, 0.6863432339744664, 0.763894761638844, 0.4552533456359305, 0.36328860390639656, 0.3407721065444645, 0.3092466087294866, 0.19763381286521214]}, "expectations": {"1": 10.209319170205644, "2": 10.943943294498075, "3": 11.477421180335906, "4": 11.977014179743549, "5": 12.338492341935549}, "alpha": {"1": 0.7853322438619726, "2": 0.8418417918844673, "3": 0.8828785523335312, "4": 0.921308783057196, "5": 0.9491147955335038}, "true_obj": 13}