{"edges": [[0, 1], [0, 4], [0, 5], [1, 2], [1, 4], [1, 5], [1, 7], [2, 3], [2, 4], [2, 7], [3, 4], [3, 5], [3, 7], [5, 6], [5, 7], [6, 7]], "params": {"1": [0.467562538001313, 0.3148028585508321], "2": [0.3678612148196378, 0.7606132330139059, 0.4263145742244425, 0.24067262134963013], "3": [0.332368718254925, 0.664660904802024, 0.8037167032439387, 0.4728057179716335, 0.3328239944808442, 0.18776046301497293], "4": [0.3298652304193529, 0.6334658451103096, 0.7253140532573501, 0.816740476905718, 0.49132626204421453, 0.3923691678870122, 0.3037456952706817, 0.19749390878872575], "5": [0.31817087857724907, 0.6139893076143563, 0.653069918254733, 0.7207519434262535, 0.7855968144075153, 0.4708413905798316, 0.3828639017435372, 0.33101581879419506, 0.3036387158463628, 0.19859810501683345]}, "expectations": {"1": 9.825343285897409, "2": 10.486325453844621, "3": 10.86955558872298, "4": 11.200442257042205, "5": 11.562162925530725}, "alpha": {"1": 0.8187786071581175, "2": 0.8738604544870517, "3": 0.9057962990602483, "4": 0.9333701880868505, "5": 0.9635135771275604}, "true_obj": 12}