{"edges": [[0, 1], [0, 2], [0, 7], [1, 2], [1, 4], [1, 5], [1, 6], [2, 3], [2, 4], [2, 5], [2, 7], [3, 4], [3, 6], [4, 5], [4, 7], [5, 7], [6, 7]], "params": {"1": [0.4639692518351031, 0.3173612061938177], "2": [0.3929795682636357, 0.6774967944127812, 0.4809726174469779, 0.3251836859239494], "3": [0.33248986574125444, 0.6100813330755602, 0.6912754761855745, 0.4938173456103695, 0.4132237314917783, 0.22163794864802452], "4": [0.29841280067488474, 0.5698552784798512, 0.6085223164997371, 0.7106939820003895, 0.5065629645567836, 0.4392559835081393, 0.3226970719603848, 0.19150461906332727], "5": [0.24554881187719246, 0.4731174562228219, 0.5132711679999852, 0.62445668028762, 0.6860070890561196, 0.47817950841077156, 0.38812105347694886, 0.3608978322515935, 0.2849828593749263, 0.1584510662967539]}, "expectations": {"1": 10.401715280436411, "2": 11.580676521586367, "3": 12.150626650066497, "4": 12.542184597287251, "5": 12.760428390851757}, "alpha": {"1": 0.8001319446489548, "2": 0.8908212708912591, "3": 0.9346635884666536, "4": 0.9647834305605578, "5": 0.9815714146809044}, "true_obj": 13}