{"edges": [[0, 2], [0, 3], [0, 4], [1, 5], [2, 6], [3, 5], [3, 6], [3, 7], [4, 6], [5, 7]], "params": {"1": [0.6422334734968179, 0.37126682849299647], "2": [0.5545761648315088, 0.9111396268970104, 0.5587328227069871, 0.3580323556402713], "3": [0.43717761974963365, 0.785973569133744, 0.8564834297935763, 0.5581567239643553, 0.4685730045075653, 0.2557081534213958], "4": [0.3544695800746, 0.6882234265926406, 0.7284101599297286, 0.8535316216967804, 0.56708929514711, 0.4689448941927742, 0.3595365025073923, 0.17802832520456638], "5": [0.3428928581318379, 0.6646369175070427, 0.7062469205957168, 0.808885353193596, 0.9494058214642359, 0.5982622748030704, 0.5082550748731121, 0.4099778247252404, 0.2904617421201246, 0.13185127723695225]}, "expectations": {"1": 6.873073450223998, "2": 8.000363882247918, "3": 8.530610386221287, "4": 8.723990980622576, "5": 8.825618729259386}, "alpha": {"1": 0.7636748278026665, "2": 0.8889293202497686, "3": 0.9478455984690319, "4": 0.9693323311802862, "5": 0.9806243032510429}, "true_obj": 9}