{"edges": [[0, 1], [0, 2], [0, 3], [0, 4], [0, 5], [0, 6], [1, 2], [1, 3], [1, 4], [1, 5], [1, 6], [2, 5], [3, 4], [3, 5], [3, 7], [4, 6], [4, 7]], "params": {"1": [0.4341012990924159, 0.2917992277397501], "2": [0.32242792218884786, 0.8038700086099063, 0.3764886040275095, 0.19561437227646905], "3": [0.2958626590291428, 0.6534390662073545, 0.837451395289609, 0.40291956024633774, 0.24898802733801748, 0.1579315345377517], "4": [0.29578683224479524, 0.6076208479665894, 0.7164469587378925, 0.9148577983799496, 0.42302048364284256, 0.26863292395775773, 0.21809380308862672, 0.15150114532440184], "5": [0.29408102374930883, 0.610600543295539, 0.6495024610626332, 0.7672418482055249, 0.8546510080270525, 0.4389281506973037, 0.308447556563475, 0.2615342051050847, 0.24503508938044158, 0.17096419962493362]}, "expectations": {"1": 10.158798688356974, "2": 10.656544965988466, "3": 10.956749245063033, "4": 11.195387119775674, "5": 11.424190807866605}, "alpha": {"1": 0.8465665573630812, "2": 0.8880454138323722, "3": 0.9130624370885861, "4": 0.9329489266479728, "5": 0.9520159006555504}, "true_obj": 12}