{"edges": [[0, 2], [0, 4], [0, 5], [0, 6], [1, 3], [1, 7], [2, 6], [3, 4], [4, 6], [5, 7], [6, 7]], "params": {"1": [0.6184296902244896, 0.3607076383710706], "2": [0.4552564035358319, 0.8846264000729392, 0.47647196531589603, 0.26563741029654125], "3": [0.3956948804027563, 0.7575491237259679, 0.9107027848614978, 0.5212581550528783, 0.3464074532131565, 0.17520472140842921], "4": [0.3310813872878643, 0.6908101968030524, 0.8068878904608471, 0.9516944686024514, 0.5501697290527505, 0.41398290909577856, 0.2753404580871697, 0.14403947237931644], "5": [0.3744764041482791, 0.6936171885062805, 0.8012567105763607, 0.8806791741709992, 0.9947302932181098, 0.5569149643536142, 0.4488847395648424, 0.3607710611061694, 0.2728200285328094, 0.15844229195652648]}, "expectations": {"1": 7.3904736132134285, "2": 8.059972910683124, "3": 8.322109642809533, "4": 8.447713005123218, "5": 8.582399131109858}, "alpha": {"1": 0.8211637348014921, "2": 0.8955525456314581, "3": 0.9246788492010592, "4": 0.9386347783470241, "5": 0.9535999034566509}, "true_obj": 9}