{"edges": [[0, 1], [0, 2], [0, 5], [1, 3], [1, 4], [1, 6], [1, 7], [2, 3], [2, 5], [2, 6], [3, 4], [3, 7], [4, 6], [4, 7], [5, 6], [5, 7]], "params": {"1": [0.48072422524865743, 0.32838772099599833], "2": [0.4115154070263886, 0.7554692425795293, 0.46132187891316057, 0.2992794259181128], "3": [0.3475297936364282, 0.64804871956871, 0.7697260713565097, 0.4869032777582008, 0.37834880008698807, 0.21443772137954487], "4": [0.2939294306730949, 0.5864918218098775, 0.6585668890268589, 0.8000200713482636, 0.5154271174384033, 0.4145641922955268, 0.31538106192138987, 0.18434053634498773], "5": [0.3469058942869141, 0.5901271903797174, 0.6467275239880056, 0.693768948625792, 0.8173590985533324, 0.5364169937441253, 0.46480903981715044, 0.3746092684430934, 0.3178049963863936, 0.21665985063519644]}, "expectations": {"1": 9.976663325609593, "2": 11.040003416677804, "3": 11.592331941909398, "4": 11.883719488764799, "5": 12.323640458975152}, "alpha": {"1": 0.7674356404315071, "2": 0.8492310320521388, "3": 0.8917178416853383, "4": 0.914132268366523, "5": 0.9479723429980886}, "true_obj": 13}