{"edges": [[0, 6], [1, 3], [1, 4], [1, 6], [1, 7], [2, 3], [2, 4], [4, 7], [5, 6]], "params": {"1": [0.6757068576929299, 0.3689488534884016], "2": [0.5506425494043514, 0.9866917325369433, 0.48624384286195554, 0.2795695901278412], "3": [0.4610189800445694, 0.8670008747751432, 0.9641428967822823, 0.5256730110476697, 0.36858530663351047, 0.20141700042519806], "4": [0.4179107665098424, 0.808777813139848, 0.9156612091837396, 1.0103731322808749, 0.5680401670143294, 0.4302044548429645, 0.3026715564391352, 0.16734917768885052], "5": [0.39863973712257705, 0.7522545301351079, 0.8414341188579655, 0.9386305583124666, 0.9963101874258828, 0.5702215893375502, 0.45163177988718567, 0.3551787705056579, 0.269141249194128, 0.1505818013594163]}, "expectations": {"1": 6.239394676194646, "2": 6.9510786465051115, "3": 7.299579144873361, "4": 7.499010885743522, "5": 7.662089737749131}, "alpha": {"1": 0.7799243345243307, "2": 0.8688848308131389, "3": 0.9124473931091701, "4": 0.9373763607179403, "5": 0.9577612172186414}, "true_obj": 8}