{"edges": [[0, 2], [0, 3], [0, 4], [0, 5], [0, 6], [0, 7], [1, 7], [2, 7], [4, 5], [4, 7], [5, 6], [5, 7], [6, 7]], "params": {"1": [0.49637280665788863, 0.3102398732765819], "2": [0.42042753268274186, 0.9016711973317422, 0.3892845923229424, 0.2530473131987348], "3": [0.3396193051960513, 0.7603237233521194, 0.8273071195441598, 0.40946782119011316, 0.283608607706568, 0.1970999087845216], "4": [0.31167089224161415, 0.6484516252767236, 0.7725650427269896, 0.9387498492795329, 0.44579077224078184, 0.3139214072238469, 0.2522729384587741, 0.15863109026682268], "5": [0.28577112258903353, 0.5740825141182786, 0.6790686692805594, 0.8779719503730776, 0.9271711948881038, 0.46785456169217743, 0.33008233625329975, 0.2901354576154491, 0.22558922023716368, 0.1432773004342204]}, "expectations": {"1": 7.982636916640185, "2": 8.699268903648564, "3": 9.098334173477468, "4": 9.324381725320562, "5": 9.488349618861049}, "alpha": {"1": 0.7982636916640186, "2": 0.8699268903648564, "3": 0.9098334173477468, "4": 0.9324381725320562, "5": 0.9488349618861049}, "true_obj": 10}