{"edges": [[0, 1], [0, 3], [0, 4], [0, 5], [0, 6], [0, 7], [1, 2], [1, 3], [1, 4], [2, 3], [2, 4], [2, 5], [3, 4], [3, 5], [3, 6], [5, 7], [6, 7]], "params": {"1": [0.4466153065590452, 0.30184928320753807], "2": [0.3630846175296124, 0.7769221384504895, 0.41964995669712046, 0.243627316463434], "3": [0.34449969282814047, 0.6720456568099963, 0.7862397930668218, 0.44585455223703824, 0.33458558694658314, 0.2149419356962439], "4": [0.30367516740523437, 0.6204444467202374, 0.6661140082182001, 0.801655573856178, 0.467041785321692, 0.3768709447688414, 0.31615569068391003, 0.2084563818226726], "5": [0.27736843360752167, 0.5672660805557491, 0.6312600483586264, 0.7059945058534842, 0.8308943261912819, 0.4829345321360632, 0.38937029893875463, 0.348075590704892, 0.2979402535733909, 0.1819628865980291]}, "expectations": {"1": 10.270722301564197, "2": 10.945412818730237, "3": 11.486034813185361, "4": 11.90456182527936, "5": 12.2055769176656}, "alpha": {"1": 0.7900555616587843, "2": 0.8419548322100182, "3": 0.883541139475797, "4": 0.9157355250214892, "5": 0.938890532128123}, "true_obj": 13}